timestamp,accel_x,accel_y,accel_z,omega_x,omega_y,omega_z,mag_x,mag_y,mag_z,roll,pitch,yaw,volt_main,pressure,temperature,elevator,aileron,rudder_l,rudder_r
134,-79,-13,2075,0,0,0,0,0,0,-64,398,-7788,30,10771,2720,0,0,0,0
168,-81,-13,2077,0,1,0,0,0,0,-64,399,-7788,29,10780,2721,0,0,0,0
239,-80,-14,2074,0,0,0,0,0,0,-64,399,-7788,29,10783,2720,0,0,0,0
340,-80,-14,2073,0,0,0,0,0,0,-65,399,-7788,29,10767,2721,0,0,0,0
465,-79,-13,2074,0,0,0,0,0,0,-65,399,-7788,29,10752,2721,0,0,0,0
556,-79,-12,2073,0,0,0,0,0,0,-65,399,-7788,29,10766,2721,0,0,0,0
673,-80,-17,2074,0,0,0,0,0,0,-65,399,-7788,29,10762,2721,0,0,0,0
743,-81,-14,2075,0,0,0,0,0,0,-66,399,-7788,29,10749,2721,0,0,0,0
844,-79,-13,2073,0,0,0,0,0,0,-66,399,-7788,29,10755,2721,0,0,0,0
970,-77,-16,2073,0,0,0,0,0,0,-66,399,-7788,29,10741,2721,0,0,0,0
1060,-79,-12,2075,0,0,0,0,0,0,-66,399,-7788,32,10770,2721,0,0,0,0
1135,-82,-16,2074,0,0,0,0,0,0,-66,399,-7788,28,10760,2721,0,0,0,0
1243,-74,-9,2076,0,0,0,0,0,0,-67,399,-7788,29,10738,2721,-1,0,0,0
1348,-83,-17,2074,0,0,0,0,0,0,-67,399,-7788,29,10775,2721,-16,0,0,0
1470,-89,-11,2073,1,-41,-1,0,0,0,-61,373,-7791,28,10747,2721,-19,0,0,0
1534,-74,-11,2069,-3,-2,0,0,0,0,-62,371,-7801,28,10762,2721,-22,0,0,0
1636,-67,-16,2091,-10,-36,0,0,0,0,-69,362,-7811,29,10779,2721,-27,0,0,0
1751,-70,-18,2081,9,-3,0,0,0,0,-69,357,-7817,29,10753,2721,-28,0,0,0
1852,-71,-17,2071,3,1,0,0,0,0,-71,357,-7817,28,10736,2721,-27,0,0,0
1970,-70,-16,2072,0,0,0,0,0,0,-70,357,-7833,28,10745,2720,-27,0,0,0
2039,-72,-16,2074,1,1,0,0,0,0,-69,357,-7831,28,10741,2720,-27,0,0,0
2140,-69,-17,2074,0,0,0,0,0,0,-69,358,-7825,29,10775,2720,-27,0,0,0
2251,-70,-15,2073,0,0,0,0,0,0,-70,358,-7824,29,10749,2720,-27,0,0,0
2356,-71,-14,2075,0,0,0,0,0,0,-70,358,-7833,28,10775,2720,-26,0,0,0
2476,-70,-15,2074,0,0,0,0,0,0,-70,358,-7833,29,10788,2720,-26,0,0,0
2547,-71,-14,2076,0,0,0,0,0,0,-71,358,-7827,28,10775,2720,-26,0,0,0
2644,-71,-15,2073,0,0,0,0,0,0,-71,358,-7821,29,10769,2721,-26,0,0,0
2759,-71,-15,2072,0,0,0,0,0,0,-71,358,-7816,29,10741,2721,-26,0,0,0
2835,-71,-15,2073,0,0,0,0,0,0,-72,358,-7811,29,10747,2721,-26,0,0,0
2935,-69,-17,2074,0,0,0,0,0,0,-72,358,-7806,28,10751,2721,-26,0,0,0
3047,-72,-12,2074,0,0,0,0,0,0,-72,357,-7802,29,10746,2721,-26,0,0,0
3148,-73,-15,2074,0,0,0,0,0,0,-72,357,-7798,29,10750,2721,-26,0,0,0
3259,-72,-5,2074,0,0,0,0,0,0,-72,358,-7795,28,10740,2721,-26,0,0,0
3338,-67,-16,2074,0,0,0,0,0,0,-72,358,-7791,29,10760,2721,-27,0,0,0
3436,-70,-18,2076,0,0,0,0,0,0,-72,358,-7787,29,10756,2721,-27,0,0,0
3551,-68,-13,2073,0,0,0,0,0,0,-73,357,-7784,29,10736,2721,-26,0,0,0
3653,-67,-14,2075,0,0,0,0,0,0,-73,357,-7781,28,10741,2720,-26,0,0,0
3764,-84,-12,2068,20,10,0,0,0,0,-73,357,-7779,28,10749,2721,-22,0,0,0
3841,-74,-19,2079,-6,-1,0,0,0,0,-67,361,-7774,28,10722,2721,-21,0,0,0
3941,-70,-12,2076,-3,0,0,0,0,0,-67,361,-7770,29,10725,2721,-21,0,0,0
4060,-71,-14,2074,0,0,0,0,0,0,-67,361,-7773,29,10751,2721,-22,0,0,0
4157,-70,-17,2076,1,-1,0,0,0,0,-66,361,-7770,28,10769,2722,-25,0,0,0
4268,-75,-11,2067,19,6,0,0,0,0,-59,363,-7781,32,10735,2721,-14,0,0,0
4344,-81,-8,2038,-1,15,3,0,0,0,-58,395,-7793,29,10734,2721,0,0,0,0
4444,-72,-1,2069,1,0,0,0,0,0,-57,396,-7793,24,10757,2721,0,0,0,0
4567,-78,-15,2074,-1,1,0,0,0,0,-57,396,-7791,28,10737,2721,-6,0,0,0
4661,-73,-11,2053,14,-35,-2,0,0,0,-56,389,-7791,28,10750,2721,-28,0,0,0
4736,-72,-17,2048,15,13,3,0,0,0,-67,352,-7790,29,10728,2721,-44,0,0,0
4849,-68,-15,2068,5,0,0,0,0,0,-77,337,-7808,28,10727,2721,-44,0,0,0
4949,-71,-25,2070,-9,1,-1,0,0,0,-74,337,-7830,28,10738,2721,-44,0,0,0
5067,-70,-21,2072,1,0,0,0,0,0,-71,337,-7850,28,10734,2721,-44,0,0,0
5135,-63,-7,2074,-6,1,0,0,0,0,-71,337,-7876,29,10767,2721,-44,0,0,0
5237,-69,-21,2076,-1,0,0,0,0,0,-72,337,-7901,29,10740,2721,-44,0,0,0
5353,-68,-18,2075,-1,0,0,0,0,0,-72,337,-7928,28,10762,2721,-44,0,0,0
5453,-62,-10,2092,1,2,0,0,0,0,-72,337,-7947,27,10739,2721,-44,0,0,0
5571,-69,-8,2077,4,0,0,0,0,0,-72,337,-7948,28,10741,2720,-44,0,0,0
5639,-67,-9,2077,2,2,0,0,0,0,-72,337,-7939,28,10746,2720,-44,0,0,0
5741,-68,-19,2072,-1,0,0,0,0,0,-73,337,-7931,26,10761,2720,-44,0,0,0
5858,-66,-13,2075,1,-1,0,0,0,0,-73,338,-7920,29,10762,2720,-44,0,0,0
5957,-66,-13,2073,0,0,0,0,0,0,-73,337,-7910,27,10760,2720,-44,0,0,0
6075,-69,-18,2074,1,0,0,0,0,0,-74,337,-7900,28,10754,2720,-44,0,0,0
6145,-67,-17,2074,0,0,0,0,0,0,-74,337,-7891,28,10756,2719,-44,0,0,0
6245,-67,-16,2073,0,0,0,0,0,0,-74,337,-7883,29,10764,2719,-44,0,0,0
6361,-68,-16,2073,0,0,0,0,0,0,-74,337,-7877,28,10732,2719,-44,0,0,0
6461,-67,-19,2075,0,0,0,0,0,0,-75,337,-7870,28,10759,2719,-37,0,0,0
6535,-63,-12,2076,-8,-5,0,0,0,0,-66,340,-7863,28,10744,2720,-18,0,0,0
6649,-75,-13,2077,-5,-5,-1,0,0,0,-43,359,-7854,28,10742,2720,-15,0,0,0
6749,-84,-15,2023,-13,55,7,0,0,0,-50,378,-7847,28,10735,2720,0,0,0,0
6865,-79,-14,2079,-2,18,0,0,0,0,-55,397,-7845,28,10733,2721,0,0,0,0
6935,-69,-24,2158,-47,-144,-13,0,0,0,-64,356,-7850,28,10752,2721,-25,0,0,0
7037,-54,-24,2050,-2,-33,2,0,0,0,-60,344,-7850,29,10749,2721,-41,0,0,0
7154,-62,-17,2077,21,-1,0,0,0,0,-65,339,-7867,27,10725,2721,-44,0,-1,-1
7252,-68,-15,2077,7,-3,-1,0,0,0,-68,336,-7864,28,10728,2721,-44,0,-2,-2
7367,-68,-18,2076,5,-1,0,0,0,0,-69,337,-7864,29,10708,2721,-44,0,-2,-2
7438,-66,-15,2076,5,1,0,0,0,0,-70,337,-7863,29,10710,2721,-44,0,-2,-2
7540,-67,-18,2075,2,-1,0,0,0,0,-70,337,-7862,28,10712,2721,-44,0,-2,-2
7657,-68,-15,2074,2,0,0,0,0,0,-70,337,-7859,28,10725,2721,-44,0,-2,-2
7756,-67,-17,2074,-1,0,0,0,0,0,-71,338,-7853,28,10745,2721,-44,0,-2,-2
7871,-67,-14,2074,0,0,0,0,0,0,-71,338,-7850,29,10739,2721,-44,0,-2,-2
7939,-68,-15,2076,1,0,0,0,0,0,-72,338,-7847,27,10728,2721,-44,0,-2,-2
8044,-68,-18,2074,0,0,0,0,0,0,-72,338,-7870,28,10744,2721,-44,0,-2,-2
8164,-67,-17,2074,0,0,0,0,0,0,-73,338,-7879,27,10739,2722,-44,0,-2,-2
8261,-73,-14,2082,11,5,0,0,0,0,-70,340,-7876,28,10749,2722,-40,0,0,0
8335,-74,-11,2070,2,2,0,0,0,0,-63,353,-7872,28,10762,2722,0,0,0,0
8444,-79,-12,2030,-14,99,7,0,0,0,-57,409,-7857,27,10737,2722,10,0,0,0
8549,-72,-14,2096,2,-32,-2,0,0,0,-55,391,-7858,28,10715,2722,15,0,0,0
8670,-70,-13,2079,-1,7,-4,0,0,0,-53,388,-7857,28,10766,2722,41,0,0,0
8766,-73,-15,2072,0,0,-2,0,0,0,-54,386,-7844,28,10749,2722,44,0,0,0
8837,-77,-13,2074,0,-1,0,0,0,0,-54,387,-7836,26,10744,2722,44,0,0,0
8948,-77,-14,2074,0,1,0,0,0,0,-55,386,-7831,24,10706,2722,44,0,0,0
9053,-77,-11,2074,0,1,0,0,0,0,-55,386,-7837,27,10722,2722,44,0,0,0
9174,-74,-9,2075,0,0,0,0,0,0,-55,386,-7842,27,10730,2722,44,0,0,0
9236,-76,-11,2074,0,0,0,0,0,0,-55,385,-7847,26,10720,2722,44,0,0,0
9342,-77,-13,2074,0,0,0,0,0,0,-56,385,-7845,26,10717,2722,44,0,0,0
9456,-76,-11,2073,0,0,0,0,0,0,-56,385,-7853,26,10724,2722,44,0,0,0
9558,-75,-11,2072,0,0,0,0,0,0,-57,385,-7861,27,10739,2722,44,0,0,0
9678,-77,-16,2074,0,0,0,0,0,0,-57,385,-7861,27,10699,2722,43,0,0,0
9745,-75,-11,2074,0,0,0,0,0,0,-57,385,-7865,26,10724,2722,29,0,0,0
9846,-93,-9,2077,18,7,9,0,0,0,-50,368,-7867,25,10726,2722,7,0,0,0
9962,-77,-16,2060,-4,-17,0,0,0,0,-55,387,-7856,27,10724,2722,0,0,0,0
10062,-76,-13,2072,0,-83,-10,0,0,0,-51,370,-7838,26,10727,2722,4,0,-36,-36
10170,-73,-12,2078,15,35,3,0,0,0,-50,371,-7809,26,10748,2722,4,0,-42,-42
10245,-75,-13,2072,-6,-21,-1,0,0,0,-52,366,-7791,27,10714,2722,0,0,-44,-44
10350,-72,-13,2074,0,-6,-1,0,0,0,-50,367,-7778,27,10728,2722,0,0,-44,-44
10464,-73,-9,2073,0,0,0,0,0,0,-50,368,-7771,28,10728,2722,0,0,-44,-44
10536,-73,-11,2074,2,2,0,0,0,0,-50,369,-7771,27,10729,2722,0,0,-42,-42
10638,-75,-12,2076,-10,-3,5,0,0,0,-51,368,-7769,27,10727,2722,0,0,-26,-26
10753,-82,-16,2057,-9,50,4,0,0,0,-58,389,-7765,27,10761,2722,0,0,0,0
10854,-80,-9,2076,-3,20,0,0,0,0,-61,401,-7756,27,10734,2722,0,0,0,0
10970,-81,-12,2074,0,7,0,0,0,0,-61,399,-7752,26,10749,2722,0,0,0,0
11040,-81,-19,2075,2,-1,1,0,0,0,-60,400,-7751,27,10711,2723,0,0,0,0
11142,-78,-3,2075,-1,0,-1,0,0,0,-61,399,-7751,26,10734,2723,0,0,0,0
11253,-75,-10,2074,0,1,0,0,0,0,-62,400,-7760,28,10734,2723,0,-39,0,0
11358,-267,-27,1876,5,46,13,0,0,0,294,274,-7860,28,10736,2723,0,-44,0,0
11474,-84,53,2039,-9,21,7,0,0,0,327,271,-7941,27,10734,2723,0,-44,0,0
11545,-54,63,2070,-4,-4,-1,0,0,0,322,276,-7993,26,10760,2723,0,-44,0,0
11646,-54,63,2071,2,0,0,0,0,0,319,277,-8050,27,10726,2723,0,-44,0,0
11757,-52,61,2075,-2,-2,0,0,0,0,319,277,-8102,24,10734,2724,0,-44,0,0
11862,-55,60,2076,0,0,0,0,0,0,319,276,-8149,27,10735,2723,0,-44,0,0
11936,-53,62,2075,0,0,0,0,0,0,318,275,-8190,27,10747,2724,0,-44,0,0
12049,-51,63,2074,0,0,0,0,0,0,318,275,-8233,27,10733,2724,0,-44,0,0
12150,-53,61,2076,0,0,0,0,0,0,317,274,-8281,28,10725,2724,0,-44,0,0
12264,-54,62,2075,0,0,0,0,0,0,317,274,-8307,27,10732,2724,0,-44,0,0
12337,-54,62,2075,0,0,0,0,0,0,317,273,-8342,26,10732,2724,0,-44,0,0
12438,-54,63,2074,0,0,0,0,0,0,316,273,-8372,26,10712,2724,0,-44,0,0
12553,-53,62,2075,0,0,0,0,0,0,316,273,-8389,27,10728,2724,0,-44,0,0
12654,-52,60,2075,0,-1,0,0,0,0,316,272,-8405,27,10733,2724,0,-39,0,0
12768,-45,58,2062,2,-7,0,0,0,0,286,273,-8410,27,10738,2724,0,-39,0,0
12841,-51,56,2083,1,2,0,0,0,0,286,272,-8408,27,10700,2724,0,-39,0,0
12942,-55,56,2073,-3,-3,0,0,0,0,286,272,-8401,27,10720,2725,0,-40,0,0
13057,-89,0,1935,-109,35,0,0,0,0,255,276,-8397,27,10734,2725,0,-7,0,0
13158,-75,-12,1763,32,-88,-14,0,0,0,-49,356,-8370,27,10735,2725,0,0,0,0
13272,-83,-16,2090,1,71,17,0,0,0,-38,397,-8331,27,10744,2725,0,0,0,0
13345,-78,-11,2067,3,-42,-11,0,0,0,-26,382,-8311,26,10740,2725,0,-32,0,0
13449,-287,9,1610,17,58,-36,0,0,0,318,221,-8362,29,10735,2726,0,-44,0,0
13561,-115,34,2068,56,-14,-18,0,0,0,310,258,-8386,26,10742,2726,0,-44,0,0
13662,-55,64,2072,4,5,0,0,0,0,307,265,-8419,26,10713,2726,0,-44,0,0
13736,-54,53,2076,-5,-8,0,0,0,0,303,266,-8457,26,10694,2726,0,-44,0,0
13849,-53,58,2083,0,1,0,0,0,0,300,267,-8487,26,10704,2726,0,-44,0,0
13950,-56,57,2074,0,2,0,0,0,0,299,267,-8512,27,10724,2726,0,-44,0,0
14061,-53,55,2073,-1,-1,0,0,0,0,298,267,-8538,25,10700,2726,0,-44,0,0
14137,-55,43,2073,2,-1,0,0,0,0,298,267,-8549,26,10700,2726,0,-44,0,0
14238,-48,71,2071,0,1,0,0,0,0,300,266,-8570,27,10744,2726,0,-44,0,0
14354,-48,58,2076,0,-1,0,0,0,0,299,266,-8593,28,10705,2725,0,-44,0,0
14453,-52,54,2075,0,0,0,0,0,0,299,266,-8608,27,10744,2725,0,-44,0,0
14565,-52,58,2077,0,0,0,0,0,0,298,266,-8616,24,10719,2725,0,-44,0,0
14641,-51,60,2073,0,-1,0,0,0,0,298,266,-8634,27,10724,2725,0,-44,0,0
14742,-53,57,2076,0,-1,0,0,0,0,297,266,-8651,28,10711,2725,0,-44,0,0
14857,-50,61,2076,1,0,0,0,0,0,297,266,-8662,27,10729,2725,0,-44,0,0
14958,-54,57,2074,0,0,0,0,0,0,297,266,-8677,26,10709,2725,0,-44,0,0
15069,-56,59,2077,-2,0,0,0,0,0,296,266,-8691,26,10716,2725,0,-44,0,0
15146,-51,62,2076,0,-2,0,0,0,0,295,267,-8704,27,10702,2726,0,-44,0,0
15246,-53,56,2076,0,-1,0,0,0,0,295,267,-8717,27,10708,2726,0,-44,0,0
15362,-55,57,2074,0,0,0,0,0,0,295,266,-8729,27,10709,2726,0,-44,0,0
15462,-53,60,2076,0,0,0,0,0,0,295,267,-8737,27,10718,2726,0,-44,0,0
15573,-54,56,2076,0,0,0,0,0,0,294,267,-8747,27,10700,2727,0,-44,0,0
15650,-54,58,2076,0,0,0,0,0,0,294,267,-8757,28,10702,2727,0,-44,0,0
15750,-54,56,2075,0,0,0,0,0,0,294,267,-8766,26,10705,2727,0,-44,0,0
15866,-55,58,2074,0,0,0,0,0,0,293,267,-8775,26,10714,2728,0,-44,0,0
15966,-54,57,2076,0,0,0,0,0,0,293,268,-8783,27,10727,2728,0,-44,0,0
16038,-53,57,2075,0,0,0,0,0,0,293,268,-8790,27,10684,2728,0,-44,0,0
16154,-54,58,2076,0,0,0,0,0,0,293,268,-8796,26,10706,2728,0,-44,0,0
16254,-53,56,2075,0,0,0,0,0,0,292,268,-8803,27,10699,2728,0,-44,0,0
16370,-52,59,2075,0,0,0,0,0,0,292,268,-8809,27,10685,2728,0,-44,0,0
16437,-53,56,2076,0,0,0,0,0,0,292,268,-8815,27,10662,2728,0,-44,0,0
16542,-53,59,2073,0,0,0,0,0,0,291,268,-8821,27,10708,2728,0,-44,0,0
16658,-54,60,2073,0,0,0,0,0,0,291,268,-8826,27,10699,2728,0,-44,0,0
16758,-53,60,2074,0,0,0,0,0,0,291,268,-8830,26,10736,2728,0,-44,0,0
16877,-54,54,2073,0,0,0,0,0,0,291,268,-8835,27,10709,2728,0,-44,0,0
16941,-53,58,2074,0,0,0,0,0,0,291,268,-8839,27,10727,2728,0,-44,0,0
17046,-54,56,2075,0,0,0,0,0,0,291,269,-8843,26,10696,2728,0,-44,0,0
17162,-53,59,2076,0,0,0,0,0,0,290,269,-8847,26,10707,2728,0,-44,0,0
17262,-54,55,2075,0,0,0,0,0,0,290,269,-8851,27,10703,2728,0,-44,0,0
17381,-53,58,2075,0,0,0,0,0,0,290,269,-8854,27,10690,2728,0,-44,0,0
17445,-54,56,2075,0,0,0,0,0,0,290,268,-8857,27,10717,2728,0,-44,0,0
17550,-53,56,2076,0,0,0,0,0,0,290,268,-8860,27,10689,2728,0,-44,0,0
17666,-53,56,2075,0,0,0,0,0,0,290,269,-8863,26,10684,2728,0,-44,0,0
17766,-52,56,2077,0,0,0,0,0,0,290,269,-8866,27,10710,2728,0,-44,0,0
17838,-54,62,2069,0,0,0,0,0,0,290,268,-8868,27,10707,2728,0,-11,0,0
17979,-61,-11,1487,-40,-435,57,0,0,0,-255,430,-8846,26,10696,2728,0,36,0,0
18054,-156,-126,1990,113,-244,29,0,0,0,-581,448,-8836,26,10712,2729,0,44,0,0
18170,-71,-121,2116,-9,-25,6,0,0,0,-564,399,-8850,27,10735,2729,0,44,0,0
18237,-88,-98,2054,8,-21,0,0,0,0,-543,383,-8873,27,10685,2729,0,44,0,0
18342,-75,-108,2087,12,-11,0,0,0,0,-534,380,-8899,26,10705,2729,0,44,0,0
18458,-77,-103,2062,0,-1,0,0,0,0,-536,384,-8920,26,10681,2729,0,44,0,0
18558,-77,-103,2073,1,-1,0,0,0,0,-534,383,-8939,26,10698,2729,0,44,0,0
18674,-76,-104,2069,-1,2,0,0,0,0,-533,384,-8952,27,10699,2729,0,44,0,0
18741,-76,-102,2068,0,0,0,0,0,0,-533,384,-8966,26,10703,2729,0,44,0,0
18846,-75,-101,2072,0,0,0,0,0,0,-532,384,-8988,26,10696,2729,0,44,0,0
18962,-39,-42,1024,0,0,0,0,0,0,-531,384,-9000,26,10688,2729,0,44,0,0
19062,-75,-101,2070,0,0,0,0,0,0,-529,383,-9021,26,10732,2729,0,44,0,0
19177,-75,-101,2071,0,0,0,0,0,0,-528,383,-9031,26,10692,2729,0,44,0,0
19245,-74,-102,2068,0,0,0,0,0,0,-527,383,-9047,26,10720,2730,0,43,0,0
19350,-75,-100,2069,0,0,0,0,0,0,-526,383,-9054,26,10696,2730,0,43,0,0
19465,-76,-99,2072,0,0,0,0,0,0,-525,383,-9064,27,10691,2730,0,43,0,0
19537,-77,-101,2069,0,0,0,0,0,0,-524,383,-9072,26,10706,2730,0,43,0,0
19638,-76,-101,2071,0,0,0,0,0,0,-523,383,-9080,25,10706,2730,0,43,0,0
19749,-76,-102,2073,0,0,0,0,0,0,-523,383,-9088,25,10703,2730,0,43,0,0
19854,-76,-101,2072,-1,0,0,0,0,0,-522,383,-9095,27,10709,2730,0,41,0,0
19992,-32,-102,1935,562,59,12,0,0,0,-435,394,-9095,27,10679,2730,0,29,0,0
20037,-102,-14,2162,291,4,25,0,0,0,-181,418,-9067,25,10681,2730,0,0,0,0
20143,-85,-13,2066,13,-9,0,0,0,0,-136,424,-9019,29,10671,2730,0,0,0,0
20254,-85,-22,2081,0,-11,0,0,0,0,-138,420,-8960,26,10677,2730,0,0,0,0
20359,-83,-13,2072,-2,0,0,0,0,0,-136,420,-8892,26,10701,2730,0,0,0,0
20475,-76,-6,2075,-1,3,0,0,0,0,-133,419,-8831,27,10689,2730,0,0,0,0
20545,-78,-12,2072,0,-1,0,0,0,0,-131,419,-8774,27,10731,2730,0,0,0,0
20646,-82,-21,2074,0,0,0,0,0,0,-129,419,-8735,28,10702,2731,0,0,0,0
20761,-81,-7,2073,-1,0,0,0,0,0,-125,418,-8677,27,10692,2731,0,0,0,0
20862,-81,-16,2073,0,-1,0,0,0,0,-123,418,-8618,28,10680,2731,0,0,0,0
20982,-82,-22,2076,-1,1,0,0,0,0,-121,418,-8562,27,10694,2732,0,0,0,0
21049,-80,-13,2077,-1,0,0,0,0,0,-119,418,-8513,27,10670,2732,0,0,0,0
21151,-79,-12,2072,0,-1,0,0,0,0,-116,418,-8474,27,10666,2732,0,0,0,0
21272,-83,-15,2074,0,0,0,0,0,0,-114,417,-8445,29,10699,2732,0,0,0,0
21338,-79,-13,2073,-1,0,0,0,0,0,-112,417,-8423,28,10685,2732,0,0,0,0
21438,-79,-15,2076,-1,0,0,0,0,0,-111,417,-8395,28,10663,2733,0,0,0,0
21553,-83,-21,2073,-1,0,0,0,0,0,-110,418,-8370,27,10700,2733,0,0,0,0
21655,-80,-15,2073,-2,1,0,0,0,0,-110,417,-8345,31,10684,2734,0,0,0,0
21788,-77,-11,2074,-1,0,0,0,0,0,-109,417,-8322,28,10660,2734,0,0,0,0
21841,-81,-19,2077,-3,0,0,0,0,0,-110,417,-8300,27,10684,2734,0,0,0,0
21943,-80,-25,2074,0,0,0,0,0,0,-111,418,-8285,28,10668,2733,0,0,0,0
22057,-79,-16,2071,0,0,0,0,0,0,-110,418,-8265,29,10671,2733,0,0,0,0
22159,-78,-16,2075,-1,1,0,0,0,0,-109,418,-8247,28,10662,2733,0,0,0,0
22277,-81,-22,2075,0,0,0,0,0,0,-108,418,-8230,28,10670,2733,0,0,0,0
22345,-84,-21,2075,-1,0,0,0,0,0,-107,418,-8214,27,10676,2733,0,0,0,0
22447,-81,-13,2072,-1,0,0,0,0,0,-106,418,-8199,27,10668,2733,0,0,0,0
22561,-88,109,2146,-57,120,18,0,0,0,-109,426,-8184,28,10637,2733,0,0,0,0
22703,-41,-301,2140,-14,-34,446,0,0,0,-110,476,-8035,27,10668,2733,1,0,0,0
22782,28,370,2043,-73,9,1164,0,0,0,-103,486,-7151,28,10661,2733,1,0,0,0
22849,-165,-47,2001,-59,24,701,0,0,0,-77,526,-6105,27,10647,2734,1,0,0,0
22950,-137,70,2040,7,-41,357,0,0,0,-63,486,-5560,28,10668,2733,1,0,0,0
23093,-322,80,2077,47,-136,208,0,0,0,-32,372,-5241,29,10657,2734,0,0,0,0
23140,-164,-453,2072,3,-82,-454,0,0,0,-46,330,-5505,28,10672,2734,0,0,0,0
23238,46,294,2062,257,-702,-67,0,0,0,-26,13,-6075,28,10687,2734,0,0,0,0
23354,240,92,2052,116,-450,273,0,0,0,206,-655,-6084,28,10665,2734,-2,0,0,0
23499,150,-93,2440,-290,-64,409,0,0,0,138,-826,-5812,29,10677,2734,-2,0,0,0
23572,33,66,2200,-473,1288,538,0,0,0,-408,-111,-5259,28,10689,2735,0,0,0,0
23643,-152,-68,1640,243,464,339,0,0,0,-526,1090,-4811,28,10659,2735,2,1,0,0
23781,-174,82,2053,22,-799,152,0,0,0,-261,654,-4533,28,10661,2734,2,0,0,0
23857,-199,-177,2153,728,82,-19,0,0,0,27,414,-4665,28,10629,2734,0,0,0,0
23958,-108,100,1892,1000,318,-44,0,0,0,969,574,-4750,27,10670,2734,1,-2,0,0
24073,-234,440,1948,1234,90,184,0,0,0,2304,683,-4589,27,10694,2733,1,-6,0,0
24147,-150,687,1809,312,144,20,0,0,0,3302,716,-4528,28,10677,2733,1,-9,0,0
24246,-103,715,1752,81,80,5,0,0,0,3428,768,-4513,28,10679,2732,1,-9,0,0
24361,-185,786,1983,672,120,108,0,0,0,3939,741,-4428,28,10670,2732,1,-10,0,0
24462,-156,868,1667,498,164,101,0,0,0,4561,900,-4204,27,10703,2732,2,-12,0,0
24577,-118,899,1640,-193,-291,-16,0,0,0,4766,862,-4193,28,10694,2732,2,-13,0,0
24651,-137,910,1827,0,-28,10,0,0,0,4655,677,-4292,28,10700,2731,1,-12,0,0
24750,-130,919,1930,22,-5,-5,0,0,0,4636,627,-4311,28,10694,2731,1,-12,0,0
24865,-129,912,1896,-28,-15,-1,0,0,0,4643,617,-4306,27,10668,2731,1,-12,0,0
24938,-127,899,1904,-68,-60,-9,0,0,0,4633,610,-4299,28,10693,2731,1,-12,0,0
25038,-140,912,1880,-13,-3,-7,0,0,0,4618,594,-4276,28,10686,2731,1,-12,0,0
25155,-93,911,1864,1,0,16,0,0,0,4626,591,-4232,26,10712,2731,1,-12,0,0
25254,-122,912,1838,6,14,16,0,0,0,4632,593,-4201,28,10694,2730,1,-12,0,0
25369,-95,925,1863,-18,-32,3,0,0,0,4632,582,-4161,28,10703,2731,1,-12,0,0
25441,-61,853,1823,-28,-8,-44,0,0,0,4623,566,-4186,27,10705,2730,1,-12,0,0
25542,-113,826,2085,-1446,-158,-43,0,0,0,4103,434,-4271,27,10730,2730,0,-11,0,0
25659,-7,396,2061,-2970,-613,-640,0,0,0,1302,155,-4677,28,10675,2730,0,-5,0,0
25800,163,-360,1923,-2716,-695,-531,0,0,0,-1921,-654,-5380,28,10693,2730,-1,2,0,0
25875,325,-819,1691,-1876,-535,-332,0,0,0,-3724,-1127,-5629,27,10675,2730,-3,10,0,0
25947,360,-920,1829,-1812,-548,-401,0,0,0,-5742,-1833,-5637,28,10678,2730,-5,15,0,0
26047,436,-1279,1910,-774,239,-642,0,0,0,-6527,-2276,-6337,28,10696,2730,-6,17,0,0
26167,428,-1327,1594,-663,245,-364,0,0,0,-7146,-2305,-7124,27,10701,2730,-6,19,0,0
26265,414,-1320,1538,-408,10,-438,0,0,0,-7532,-2349,-7589,28,10699,2729,-6,20,0,0
26404,555,-1354,1398,-281,443,-485,0,0,0,-7627,-2539,-8207,27,10685,2729,-7,20,0,0
26448,577,-1472,1192,-687,356,-42,0,0,0,-8175,-2387,-8724,25,10670,2728,-6,21,0,0
26551,457,-1533,1238,116,-35,-44,0,0,0,-8411,-2362,-8785,27,10655,2728,-6,22,0,0
26664,444,-1492,1554,298,-25,158,0,0,0,-8116,-2349,-8617,27,10689,2728,-6,22,0,0
26767,481,-1431,1423,27,125,-29,0,0,0,-8037,-2191,-8635,28,10689,2728,-6,21,0,0
26838,473,-1355,1429,173,-60,92,0,0,0,-7910,-2186,-8552,28,10677,2728,-6,21,0,0
26955,445,-1411,1429,39,94,-108,0,0,0,-7779,-2195,-8516,28,10691,2728,-6,21,0,0
27055,541,-1454,1475,833,-163,189,0,0,0,-7547,-2219,-8450,27,10711,2728,-6,20,0,0
27169,418,-922,1923,3401,262,613,0,0,0,-6083,-2101,-8127,28,10703,2728,-5,16,0,0
27269,346,-490,1906,3880,679,868,0,0,0,-1858,-1330,-7533,28,10703,2728,-3,4,0,0
27342,110,410,2263,2011,829,574,0,0,0,911,-460,-6666,28,10694,2728,-1,-2,0,0
27476,13,430,1702,1100,216,11,0,0,0,2284,111,-6478,27,10670,2728,0,-6,0,0
27598,89,734,1886,1593,-555,377,0,0,0,3763,-369,-6483,30,10681,2727,-1,-10,0,0
27673,172,1187,1889,1171,-79,428,0,0,0,5305,-998,-6211,28,10685,2727,-2,-13,0,0
27741,176,1186,1612,-195,20,-93,0,0,0,5700,-1061,-6105,27,10689,2727,-3,-16,0,0
27847,196,1082,1699,-89,-94,20,0,0,0,5628,-1039,-6184,28,10722,2726,-3,-15,0,0
27962,212,1140,1660,243,-118,40,0,0,0,5732,-1152,-6182,25,10698,2726,-3,-15,0,0
28062,246,1170,1570,-100,-138,10,0,0,0,5842,-1246,-6204,27,10704,2726,-3,-16,0,0
28178,268,1084,1848,-11,-99,-34,0,0,0,5853,-1340,-6331,28,10693,2727,-3,-16,0,0
28245,298,1166,1564,-26,42,67,0,0,0,5874,-1313,-6196,28,10700,2727,-3,-16,0,0
28386,319,990,1878,-287,-113,83,0,0,0,5729,-1466,-6209,27,10715,2727,-3,-16,0,0
28468,273,1075,1663,-406,15,58,0,0,0,5354,-1480,-6094,26,10719,2727,-4,-14,0,0
28542,254,1052,1859,-26,-224,-93,0,0,0,5095,-1570,-6130,29,10713,2727,-4,-14,0,0
28638,204,1097,1746,-138,11,-100,0,0,0,5051,-1585,-6202,29,10674,2727,-4,-14,0,0
28749,364,889,1924,-54,-140,-160,0,0,0,5044,-1589,-6415,27,10671,2727,-4,-13,0,0
28854,257,1003,1850,4,352,173,0,0,0,4907,-1355,-6218,28,10674,2728,-3,-13,0,0
28970,288,959,1764,-166,-135,18,0,0,0,5046,-1385,-6082,27,10687,2728,-3,-13,0,0
29042,364,809,1861,-402,-29,56,0,0,0,4615,-1475,-6067,28,10703,2728,-4,-13,0,0
29182,484,898,1931,-305,-282,339,0,0,0,4326,-1658,-5987,27,10700,2728,-4,-12,0,0
29283,176,925,1908,-981,-305,311,0,0,0,3615,-2101,-5792,27,10691,2727,-5,-10,0,0
29394,481,343,1970,-478,200,-311,0,0,0,2851,-2268,-5953,27,10705,2727,-6,-7,0,0
29474,412,411,1875,-141,36,129,0,0,0,2483,-1932,-5861,28,10705,2727,-5,-6,0,0
29541,439,438,2108,0,-228,165,0,0,0,2498,-2291,-5734,28,10702,2727,-6,-7,0,0
29646,451,443,1910,-164,132,53,0,0,0,2293,-2239,-5640,28,10739,2727,-6,-6,0,0
29757,520,453,1983,-146,-137,68,0,0,0,2191,-2249,-5591,28,10690,2727,-6,-6,0,0
29862,482,326,2035,-854,-122,184,0,0,0,1807,-2442,-5495,28,10699,2726,-6,-5,0,0
29980,553,56,2037,-1283,-471,12,0,0,0,535,-2789,-5390,28,10710,2726,-7,-1,0,0
30045,527,-127,2205,-1158,29,-70,0,0,0,-994,-3111,-5404,26,10728,2726,-8,2,0,0
30190,524,-367,1940,-170,1264,-147,0,0,0,-1452,-2179,-5712,28,10706,2725,-6,3,0,0
30270,279,-303,1571,430,272,180,0,0,0,-1205,-1059,-5803,27,10760,2725,-3,3,0,0
30360,198,-129,1959,850,574,177,0,0,0,-388,-671,-5536,29,10719,2726,-2,1,0,0
30438,-135,130,2055,989,844,303,0,0,0,350,-106,-5309,28,10742,2726,0,-1,0,0
30551,-271,289,2046,899,1433,169,0,0,0,1351,1234,-4918,29,10701,2725,3,-3,0,0
30687,-681,339,1927,290,1086,23,0,0,0,2111,2716,-4616,27,10715,2725,7,-5,0,0
30773,-736,294,1869,-411,1026,-184,0,0,0,1938,3948,-4412,26,10707,2725,10,-5,0,0
30842,-1009,128,1853,-1098,896,-146,0,0,0,1045,4931,-4397,28,10707,2724,12,-3,0,0
30942,-1127,45,1907,-600,495,-233,0,0,0,-126,5592,-4542,27,10723,2723,14,0,0,0
31053,-1183,-142,1641,-42,513,41,0,0,0,-513,6040,-4696,27,10736,2723,16,1,0,0
31158,-1278,-153,1695,-191,353,196,0,0,0,-561,6522,-4559,28,10710,2723,17,1,0,0
31296,-1315,-34,1569,68,133,227,0,0,0,-372,6807,-4212,28,10690,2723,18,0,0,0
31341,-1306,-25,1680,-128,78,1,0,0,0,-292,6878,-4048,28,10744,2723,18,0,0,0
31484,-1295,-112,1580,-48,54,-16,0,0,0,-416,6980,-4103,27,10721,2723,19,1,0,0
31557,-1347,-35,1455,33,-207,128,0,0,0,-348,6927,-3984,27,10719,2722,19,0,0,0
31663,-1283,-17,1801,103,-682,-30,0,0,0,-192,6401,-3944,28,10711,2723,17,0,0,0
31779,-1039,-144,1888,66,-570,-34,0,0,0,-148,5874,-4035,27,10721,2723,16,0,0,0
31851,-921,-23,1635,260,-1343,294,0,0,0,114,4758,-3892,27,10728,2723,12,0,0,0
31993,-352,165,2000,470,-2336,306,0,0,0,859,2514,-3659,28,10721,2723,6,-2,0,0
32061,-62,224,2364,-112,-1494,229,0,0,0,1040,311,-3710,28,10727,2723,0,-2,0,0
32141,77,203,1899,-31,-1397,-188,0,0,0,913,-1024,-3891,28,10735,2723,-1,-2,0,0
32239,599,259,2119,310,-1937,-56,0,0,0,1206,-3035,-4300,27,10716,2722,-7,-3,0,0
32354,910,282,1946,-540,-722,20,0,0,0,1343,-4373,-4484,27,10718,2723,-12,-3,0,0
32460,1045,236,1559,-517,-1025,-314,0,0,0,867,-5225,-4780,28,10727,2723,-14,-2,0,0
32596,1180,48,1622,-486,-1354,-310,0,0,0,602,-6568,-5386,28,10735,2723,-18,-1,0,0
32667,1392,79,1517,-48,-307,78,0,0,0,557,-7397,-5587,28,10699,2722,-20,-1,0,0
32743,1455,187,1533,-78,-265,-49,0,0,0,414,-7756,-5571,27,10722,2722,-21,-1,0,0
32858,1446,90,1555,132,189,-117,0,0,0,651,-7789,-5723,28,10717,2722,-21,-1,0,0
32959,1435,116,1767,-122,70,83,0,0,0,483,-7946,-5630,28,10753,2722,-21,-1,0,0
33070,1480,108,1498,-95,-51,-145,0,0,0,571,-7868,-5716,27,10743,2722,-21,-1,0,0
33146,1499,-2,1504,-13,-113,-43,0,0,0,664,-7844,-5781,27,10720,2722,-21,-1,0,0
33247,1459,48,1445,-35,-66,167,0,0,0,582,-7850,-5554,27,10710,2722,-21,-1,0,0
33362,1449,68,1449,-61,19,38,0,0,0,393,-7821,-5317,28,10729,2722,-21,-1,0,0
33463,1449,15,1472,9,61,44,0,0,0,364,-7764,-5217,27,10738,2721,-21,-1,0,0
33574,1396,12,1854,-156,555,18,0,0,0,278,-7475,-5095,25,10710,2721,-21,-1,0,0
33650,1241,42,1955,-731,1714,-52,0,0,0,-189,-6617,-5041,27,10736,2721,-18,0,0,0
33751,1038,-9,1857,-558,2342,-208,0,0,0,-831,-4313,-5293,30,10752,2721,-11,2,0,0
33893,598,-329,1339,29,1854,168,0,0,0,-753,-1857,-5433,28,10727,2721,-5,1,0,0
33939,87,75,1803,-20,1025,10,0,0,0,-699,-475,-5167,28,10744,2720,-1,1,0,0
34072,-111,-224,2109,197,1014,-37,0,0,0,-404,647,-5260,28,10719,2719,1,0,0,0
34181,-309,-148,1906,-61,780,103,0,0,0,-470,1613,-5191,27,10720,2719,3,1,0,0
34255,-519,-163,1960,204,604,119,0,0,0,-310,2250,-5058,28,10732,2719,5,0,0,0
34366,-568,8,2062,241,154,239,0,0,0,-128,2426,-4921,28,10740,2719,6,0,0,0
34442,-598,34,2077,-110,219,147,0,0,0,-7,2622,-4734,27,10779,2719,7,0,0,0
34543,-660,62,1895,98,165,215,0,0,0,73,2897,-4554,27,10731,2719,7,0,0,0
34659,-559,4,1990,-103,90,92,0,0,0,102,2991,-4464,28,10763,2718,8,0,0,0
34759,-642,23,1981,61,39,24,0,0,0,133,3047,-4387,28,10731,2718,8,0,0,0
34870,-653,-16,1907,-51,6,-6,0,0,0,70,3099,-4424,28,10760,2718,8,0,0,0
34946,-636,-7,2005,18,-24,-43,0,0,0,111,3079,-4475,29,10716,2718,8,0,0,0
35046,-624,4,1958,-54,-5,-21,0,0,0,67,3072,-4530,28,10750,2718,8,0,0,0
35162,-631,8,1958,32,-40,37,0,0,0,81,3054,-4544,29,10794,2717,8,0,0,0
35263,-650,44,1964,121,-192,30,0,0,0,181,2933,-4540,28,10787,2717,7,0,0,0
35374,-589,145,1961,281,-1040,-85,0,0,0,334,2325,-4600,27,10763,2718,6,-1,0,0
35450,-84,-62,2105,63,-1525,-66,0,0,0,668,824,-4907,28,10762,2717,3,-1,0,0
35591,197,17,2017,-271,-1137,202,0,0,0,346,-720,-4936,28,10720,2717,-1,-1,0,0
35666,445,164,2090,83,-1341,269,0,0,0,241,-1803,-4756,27,10753,2717,-5,0,0,0
35767,680,66,2044,-146,-1303,17,0,0,0,205,-3237,-4704,28,10733,2717,-8,0,0,0
35839,919,-3,1791,-77,-1245,17,0,0,0,56,-4652,-4770,28,10778,2717,-12,0,0,0
35954,1201,-56,1778,532,-1110,145,0,0,0,411,-6039,-4715,28,10714,2717,-16,-1,0,0
36054,1353,82,1535,324,-784,143,0,0,0,831,-7152,-4569,28,10724,2717,-19,-2,0,0
36195,1353,201,1561,-15,-381,94,0,0,0,929,-7831,-4473,28,10734,2717,-21,-2,0,0
36239,1403,94,1596,-140,3,3,0,0,0,767,-8035,-4482,28,10723,2718,-22,-2,0,0
36343,1435,108,1416,-114,67,24,0,0,0,576,-7958,-4441,30,10751,2718,-21,-1,0,0
36458,1452,65,1418,65,56,10,0,0,0,607,-7860,-4418,28,10741,2718,-21,-1,0,0
36559,1418,64,1450,25,-52,26,0,0,0,653,-7898,-4367,29,10761,2717,-21,-1,0,0
36674,1463,54,1453,22,-43,25,0,0,0,650,-7964,-4325,27,10713,2717,-21,-1,0,0
36742,1456,78,1483,-8,-29,77,0,0,0,608,-8020,-4204,28,10762,2717,-22,-1,0,0
36847,1480,56,1439,-14,40,7,0,0,0,542,-8003,-4098,29,10725,2717,-22,-1,0,0
36962,1475,68,1428,25,46,-16,0,0,0,531,-7970,-4053,28,10766,2718,-21,-1,0,0
37063,1435,94,1468,-29,23,16,0,0,0,539,-7957,-4020,28,10739,2718,-21,-1,0,0
37178,1449,62,1469,-3,5,5,0,0,0,489,-7948,-3992,28,10732,2718,-21,-1,0,0
37253,1456,48,1505,-2,15,-5,0,0,0,508,-7948,-3976,28,10739,2718,-21,-1,0,0
37351,1429,67,1483,-27,75,-6,0,0,0,475,-7884,-3944,29,10765,2718,-21,-1,0,0
37466,1435,64,1461,-10,46,1,0,0,0,455,-7821,-3926,27,10725,2718,-21,-1,0,0
37567,1421,55,1484,-14,26,-2,0,0,0,436,-7807,-3900,27,10731,2718,-21,-1,0,0
37639,1428,54,1504,3,33,-1,0,0,0,427,-7791,-3867,29,10757,2718,-21,-1,0,0
37754,1424,57,1526,-40,40,-15,0,0,0,403,-7769,-3843,28,10745,2718,-21,-1,0,0
37855,1403,55,1524,-7,60,0,0,0,0,387,-7714,-3814,28,10737,2717,-21,-1,0,0
37971,1394,64,1503,-73,105,-13,0,0,0,340,-7607,-3785,27,10739,2718,-21,-1,0,0
38040,1384,41,1479,-38,41,-29,0,0,0,271,-7539,-3801,28,10733,2718,-20,0,0,0
38144,1381,6,1548,4,-24,-20,0,0,0,314,-7564,-3826,29,10718,2718,-20,0,0,0
38259,1382,46,1550,-66,17,0,0,0,0,288,-7568,-3813,29,10728,2718,-20,0,0,0
38360,1375,32,1553,-58,54,-15,0,0,0,221,-7523,-3815,27,10744,2718,-20,0,0,0
38475,1359,32,1526,6,45,-5,0,0,0,194,-7463,-3821,27,10755,2718,-20,0,0,0
38543,1363,46,1546,26,5,3,0,0,0,230,-7449,-3808,27,10730,2718,-20,0,0,0
38648,1360,37,1561,-3,9,-6,0,0,0,225,-7457,-3806,28,10728,2718,-20,0,0,0
38763,1369,38,1555,5,0,-13,0,0,0,255,-7455,-3818,27,10740,2717,-20,0,0,0
38864,1356,13,1533,-54,16,-33,0,0,0,250,-7447,-3832,28,10726,2717,-20,0,0,0
38979,1322,156,1648,172,112,-98,0,0,0,283,-7409,-3884,29,10785,2717,-20,0,0,0
39047,1313,67,1674,61,381,-16,0,0,0,625,-7116,-3980,28,10795,2717,-19,-1,0,0
39152,1159,131,1724,-135,866,-147,0,0,0,543,-6381,-4049,28,10758,2717,-17,-1,0,0
39267,910,257,1823,124,1511,-225,0,0,0,635,-4915,-4194,27,10756,2717,-13,-1,0,0
39344,759,111,1796,335,1971,-315,0,0,0,1042,-2788,-4423,28,10741,2717,-9,-2,0,0
39440,384,109,1845,449,1541,71,0,0,0,1558,-1022,-4343,28,10769,2716,-3,-4,0,0
39551,-78,270,2060,92,954,58,0,0,0,1591,-281,-4088,28,10792,2716,0,-4,0,0
39656,-215,516,2000,-146,107,-130,0,0,0,1696,176,-3980,28,10774,2716,0,-4,0,0
39774,-78,241,2339,-248,605,-419,0,0,0,1327,535,-4300,27,10781,2716,1,-3,0,0
39845,-332,29,1982,-468,1072,37,0,0,0,1116,1620,-4398,28,10809,2716,4,-3,0,0
39943,-562,133,1918,-86,425,201,0,0,0,817,2374,-4134,29,10829,2716,6,-2,0,0
40054,-604,149,1881,-145,191,88,0,0,0,658,2701,-3969,28,10804,2716,7,-1,0,0
40195,-636,112,1855,-292,137,-51,0,0,0,623,2931,-3975,28,10854,2716,7,-1,0,0
40275,-660,12,1883,-113,149,-13,0,0,0,402,3112,-4020,29,10793,2715,8,-1,0,0
40347,-681,137,2040,35,-11,100,0,0,0,518,3144,-3947,28,10811,2715,8,-1,0,0
40447,-659,97,1995,-4,-20,-13,0,0,0,485,3133,-3948,28,10828,2715,8,-1,0,0
40558,-659,93,1941,-18,-33,-1,0,0,0,468,3131,-3981,27,10816,2715,8,-1,0,0
40663,-647,108,1992,38,-30,14,0,0,0,493,3106,-3999,25,10779,2715,8,-1,0,0
40779,-638,104,1939,-17,-26,-25,0,0,0,493,3083,-4031,28,10814,2714,8,-1,0,0
40851,-632,82,1978,4,-14,-14,0,0,0,489,3072,-4062,28,10828,2714,8,-1,0,0
40951,-630,77,1990,48,-22,0,0,0,0,517,3057,-4083,28,10803,2714,8,-1,0,0
41062,-629,101,1988,24,9,9,0,0,0,514,3051,-4076,24,10785,2714,8,-1,0,0
41140,-637,107,1957,-50,5,0,0,0,0,513,3073,-4069,28,10826,2714,8,-1,0,0
41240,-633,135,1915,98,-106,17,0,0,0,544,3046,-4084,28,10825,2714,8,-1,0,0
41355,-587,97,1978,-63,-129,-17,0,0,0,584,2921,-4135,27,10838,2713,7,-1,0,0
41458,-725,226,1995,161,725,-292,0,0,0,460,3073,-4170,28,10830,2714,8,-1,0,0
41566,-681,-87,1774,-171,558,-112,0,0,0,504,3929,-4400,28,10830,2714,10,-1,0,0
41643,-664,34,1869,282,-556,-50,0,0,0,550,3728,-4393,28,10826,2713,10,-1,0,0
41783,-606,139,2226,-19,-288,-98,0,0,0,635,3116,-4543,28,10833,2713,8,-1,0,0
41854,-776,70,1919,-64,464,203,0,0,0,512,3305,-4510,27,10829,2713,8,-1,0,0
41959,-857,281,1838,209,-20,-141,0,0,0,708,3660,-4458,23,10830,2714,9,-1,0,0
42102,-425,55,2002,-116,-272,-459,0,0,0,682,3427,-4901,28,10830,2714,9,-2,0,0
42142,-728,59,1937,-38,363,200,0,0,0,454,3545,-4970,28,10846,2713,9,-1,0,0
42247,-729,212,1842,34,-195,61,0,0,0,750,3644,-4754,28,10819,2713,9,-2,0,0
42358,-647,79,2042,22,-45,-110,0,0,0,601,3459,-4891,27,10836,2713,9,-1,0,0
42440,-717,119,1964,-57,15,72,0,0,0,618,3548,-4842,29,10854,2714,9,-1,0,0
42574,-700,87,1976,-147,-180,18,0,0,0,533,3421,-4814,28,10828,2713,9,-1,0,0
42651,-599,63,1949,46,140,69,0,0,0,511,3412,-4786,27,10847,2714,9,-1,0,0
42751,-673,157,1911,65,33,53,0,0,0,569,3521,-4668,27,10868,2713,9,-1,0,0
42862,-697,98,1965,-7,-41,40,0,0,0,624,3496,-4628,28,10828,2713,9,-1,0,0
42940,-708,154,1989,29,9,-11,0,0,0,669,3482,-4597,29,10835,2713,9,-1,0,0
43040,-691,175,1927,22,17,-91,0,0,0,651,3520,-4638,27,10821,2713,9,-1,0,0
43155,-665,137,1940,16,-59,-75,0,0,0,650,3516,-4730,27,10818,2713,9,-1,0,0
43255,-675,104,1978,22,-14,-26,0,0,0,665,3478,-4802,27,10818,2713,9,-1,0,0
43366,-681,82,1979,-13,12,8,0,0,0,645,3484,-4842,29,10775,2713,9,-1,0,0
43443,-714,138,1935,-2,9,25,0,0,0,651,3493,-4820,28,10844,2714,9,-1,0,0
43543,-688,111,1939,12,17,6,0,0,0,658,3517,-4803,27,10811,2713,9,-1,0,0
43660,-688,147,1935,13,-9,20,0,0,0,678,3518,-4758,28,10835,2713,9,-1,0,0
43760,-691,138,1925,-17,-14,-32,0,0,0,676,3523,-4755,27,10838,2714,9,-1,0,0
43871,-823,144,1977,95,-20,62,0,0,0,675,3537,-4746,25,10823,2714,9,-1,0,0
43947,-696,-30,2007,-137,-25,-52,0,0,0,647,3485,-4839,28,10833,2714,9,-2,0,0
44047,-689,207,1996,135,34,-3,0,0,0,674,3506,-4771,28,10843,2714,9,-1,0,0
44188,-566,116,1865,-304,65,-178,0,0,0,570,3556,-4857,28,10806,2714,9,-1,0,0
44268,-793,51,1944,254,-157,304,0,0,0,561,3537,-4814,29,10805,2714,9,-1,0,0
44374,-649,336,2081,3,-53,-57,0,0,0,816,3324,-4641,28,10841,2714,9,-2,0,0
44452,-684,-75,1865,-46,166,-22,0,0,0,478,3590,-4925,28,10854,2714,9,-1,0,0
44592,-714,233,1946,176,-315,104,0,0,0,695,3484,-4791,29,10872,2715,9,-1,0,0
44667,-641,110,2026,-130,95,-156,0,0,0,663,3347,-4912,29,10800,2714,9,-2,0,0
44768,-739,81,1928,10,158,58,0,0,0,590,3481,-4940,28,10841,2714,9,-1,0,0
44841,-678,117,1953,-26,-68,-41,0,0,0,632,3489,-4918,28,10842,2714,9,-1,0,0
44955,-674,105,1992,12,121,54,0,0,0,629,3512,-4912,28,10842,2714,9,-1,0,0
45056,-715,174,1928,-17,-32,-12,0,0,0,634,3563,-4876,28,10853,2715,9,-1,0,0
45171,-678,140,1963,32,37,7,0,0,0,641,3530,-4920,28,10822,2715,9,-1,0,0
45241,-692,106,1929,-31,32,-30,0,0,0,648,3580,-4952,29,10814,2714,9,-1,0,0
45344,-686,111,1948,35,-52,-47,0,0,0,648,3571,-4993,30,10831,2714,9,-1,0,0
45459,-683,105,1974,-22,13,-34,0,0,0,634,3540,-5057,29,10851,2714,9,-1,0,0
45560,-690,119,1955,-10,1,21,0,0,0,623,3562,-5069,29,10846,2714,9,-1,0,0
45675,-715,136,1945,-4,-12,21,0,0,0,616,3547,-5069,28,10853,2714,9,-1,0,0
45750,-699,139,1950,-12,11,8,0,0,0,632,3553,-5068,28,10850,2714,9,-1,0,0
45848,-688,93,1944,-11,40,-6,0,0,0,619,3584,-5083,28,10847,2714,9,-1,0,0
45963,-699,115,1929,10,-25,-11,0,0,0,627,3603,-5069,29,10830,2714,9,-1,0,0
46064,-700,118,1953,11,-35,-20,0,0,0,637,3564,-5072,28,10837,2714,9,-1,0,0
46179,-699,126,1952,-2,30,-7,0,0,0,638,3578,-5087,28,10828,2713,9,-1,0,0
46251,-710,105,1928,21,36,19,0,0,0,623,3622,-5085,28,10843,2713,9,-1,0,0
46352,-697,98,1948,-6,-41,17,0,0,0,643,3605,-5060,28,10859,2713,9,-1,0,0
46467,-701,121,1947,14,15,24,0,0,0,670,3589,-5032,29,10833,2713,9,-1,0,0
46568,-700,134,1949,-5,25,-1,0,0,0,669,3603,-4989,31,10836,2713,9,-1,0,0
46641,-705,130,1934,0,-6,-20,0,0,0,659,3626,-4971,28,10837,2713,9,-1,0,0
46755,-711,131,1948,7,-32,-8,0,0,0,658,3608,-4965,29,10863,2713,9,-1,0,0
46856,-697,145,1975,-12,7,-29,0,0,0,660,3585,-4973,29,10850,2713,9,-1,0,0
46971,-719,121,1934,-5,28,-8,0,0,0,637,3622,-4988,29,10829,2713,9,-1,0,0
47072,-698,121,1942,1,-20,-22,0,0,0,650,3618,-5007,28,10830,2713,9,-1,0,0
47143,-689,97,1961,12,-5,21,0,0,0,639,3604,-5026,27,10847,2713,9,-1,0,0
47259,-725,112,1956,-14,-12,-19,0,0,0,632,3599,-5004,28,10833,2713,9,-1,0,0
47359,-700,83,1946,-42,10,-1,0,0,0,595,3602,-5027,28,10837,2713,9,-1,0,0
47475,-677,166,1948,-31,-84,33,0,0,0,585,3533,-5012,27,10850,2713,9,-1,0,0
47542,-691,82,1938,29,31,-5,0,0,0,573,3527,-5027,28,10825,2713,9,-1,0,0
47647,-726,168,1953,41,-55,9,0,0,0,636,3485,-4999,29,10827,2713,9,-1,0,0
47763,-653,118,1944,-55,-67,-81,0,0,0,637,3416,-5068,28,10838,2713,9,-1,0,0
47863,-644,55,1904,63,-35,88,0,0,0,624,3393,-5050,29,10812,2713,9,-1,0,0
47980,-696,121,1965,99,-469,33,0,0,0,672,3277,-4967,27,10836,2713,8,-1,0,0
48078,-500,93,1954,-207,-556,-19,0,0,0,662,2728,-5012,28,10816,2713,7,-1,0,0
48189,-342,108,2050,173,-587,84,0,0,0,658,2150,-5042,28,10840,2712,5,-1,0,0
48266,-103,122,2127,174,-724,290,0,0,0,918,1469,-4901,27,10851,2712,3,-2,0,0
48341,-10,329,1944,230,-1002,385,0,0,0,1110,451,-4566,27,10839,2712,1,-3,0,0
48441,151,343,2015,206,-1347,7,0,0,0,1310,-966,-4591,28,10801,2711,-1,-3,0,0
48550,583,329,1996,-18,-1804,-54,0,0,0,1470,-2846,-4957,29,10854,2712,-6,-4,0,0
48655,939,238,2022,-2,-1395,-63,0,0,0,1550,-4076,-5277,28,10858,2711,-11,-4,0,0
48771,1134,167,1687,-141,-1126,55,0,0,0,1523,-5342,-5526,27,10848,2711,-14,-4,0,0
48843,1144,246,1725,48,-676,299,0,0,0,1383,-6475,-5434,28,10840,2712,-17,-3,0,0
48943,1203,344,1560,132,57,-39,0,0,0,1439,-6587,-5269,28,10857,2712,-18,-4,0,0
49054,1291,107,1584,-129,10,86,0,0,0,1456,-6568,-5326,28,10847,2712,-18,-4,0,0
49159,1298,183,1697,77,-142,5,0,0,0,1306,-6663,-5223,27,10852,2712,-18,-3,0,0
49275,1283,290,1771,126,475,-35,0,0,0,1420,-6637,-5111,28,10856,2712,-18,-4,0,0
49342,1080,217,2018,-70,1565,-37,0,0,0,1393,-5559,-4961,28,10851,2711,-15,-3,0,0
49452,700,210,1957,-727,3087,-422,0,0,0,805,-2578,-4841,29,10875,2711,-7,-2,0,0
49561,-6,131,1823,-204,1626,-264,0,0,0,356,279,-4892,26,10829,2711,0,-1,0,0
49663,-208,-30,2248,188,869,-133,0,0,0,320,1559,-4986,28,10868,2711,4,0,0,0
49780,-521,-42,2237,284,759,427,0,0,0,697,2305,-4698,29,10862,2710,5,-1,0,0
49845,-759,377,2131,-22,947,357,0,0,0,944,3199,-3995,28,10873,2710,8,-2,0,0
49950,-765,177,2132,-176,342,-99,0,0,0,862,3608,-3931,27,10870,2710,9,-2,0,0
50063,-548,41,1626,-4,-191,218,0,0,0,683,3838,-3853,28,10854,2710,10,-1,0,0
50142,-542,83,1962,222,-582,545,0,0,0,1012,3232,-3437,28,10893,2710,8,-2,0,0
50282,-434,371,2015,-186,-246,389,0,0,0,1260,2614,-2856,28,10899,2710,7,-3,0,0
50350,-499,255,2051,-224,-642,-148,0,0,0,946,2078,-2866,28,10871,2710,6,-2,0,0
50460,-353,8,2137,15,-248,-106,0,0,0,850,1601,-3234,27,10879,2710,4,-2,0,0
50569,-413,274,2130,-330,-451,-308,0,0,0,661,1319,-3423,27,10882,2710,3,-1,0,0
50670,-272,194,1962,-535,-364,-732,0,0,0,158,927,-4144,28,10868,2711,2,0,0,0
50747,-132,-30,1868,332,-533,-370,0,0,0,71,467,-4805,28,10841,2711,1,0,0,0
50855,-89,-92,1969,-680,-634,-77,0,0,0,17,-327,-5166,28,10887,2711,-1,0,0,0
50960,-141,-69,1731,69,147,337,0,0,0,-161,-253,-5157,29,10855,2710,0,0,0,0
51071,-19,115,1888,29,19,284,0,0,0,-215,-276,-4913,28,10852,2710,0,0,0,0
51151,90,27,2127,41,-56,33,0,0,0,-148,-336,-4900,29,10882,2710,0,0,0,0
51281,-183,-8,2059,117,-219,135,0,0,0,-81,-444,-4888,28,10856,2709,-1,0,0,0
51386,293,-120,2315,613,134,-45,0,0,0,201,-412,-4965,28,10889,2710,-1,0,0,0
51504,80,0,2437,-484,124,109,0,0,0,283,-249,-4850,28,10875,2709,0,0,0,0
51605,11,-204,1903,-283,76,-387,0,0,0,308,-155,-5458,29,10840,2709,0,0,0,0
51651,10,39,2036,23,381,452,0,0,0,489,233,-5297,28,10858,2710,0,-1,0,0
51794,-390,94,2320,522,851,-134,0,0,0,815,758,-5146,28,10885,2710,1,-1,0,0
51894,-308,319,1877,580,692,103,0,0,0,1305,1419,-5164,27,10903,2710,3,-3,0,0
51941,-476,238,2001,577,175,130,0,0,0,2010,1986,-4985,27,10873,2710,5,-5,0,0
52042,-328,482,1984,410,-732,118,0,0,0,2530,1383,-5030,28,10907,2711,3,-7,0,0
52155,-197,607,1894,187,7,17,0,0,0,2846,1055,-5079,27,10875,2711,2,-7,0,0
52256,-226,622,1963,238,-108,43,0,0,0,3153,1109,-5071,27,10889,2711,2,-8,0,0
52367,-166,655,1915,58,-47,27,0,0,0,3320,940,-5096,26,10896,2711,2,-9,0,0
52443,-188,665,1940,30,29,-9,0,0,0,3367,969,-5114,29,10866,2711,2,-9,0,0
52544,-217,662,1935,123,83,30,0,0,0,3436,1009,-5104,27,10885,2711,2,-9,0,0
52659,-213,689,1945,-4,3,23,0,0,0,3471,1055,-5075,28,10867,2712,2,-9,0,0
52760,-207,690,1971,24,63,24,0,0,0,3483,1090,-5045,27,10877,2712,2,-9,0,0
52871,-202,718,1956,45,-4,81,0,0,0,3543,1079,-5013,27,10850,2712,2,-9,0,0
52947,-213,737,1968,42,-16,82,0,0,0,3615,1074,-4918,28,10876,2712,2,-9,0,0
53048,-247,701,1982,75,84,52,0,0,0,3713,1007,-4862,27,10868,2712,2,-10,0,0
53163,-210,784,1930,91,191,19,0,0,0,3792,1117,-4796,27,10854,2712,2,-10,0,0
53266,-311,783,1919,82,179,48,0,0,0,3891,1298,-4699,28,10835,2712,3,-10,0,0
53406,-265,839,1909,104,24,1,0,0,0,3984,1353,-4664,27,10861,2712,3,-11,0,0
53454,-281,784,1887,103,29,3,0,0,0,4104,1369,-4661,27,10844,2712,3,-11,0,0
53552,-253,832,1919,15,149,-2,0,0,0,4120,1520,-4649,27,10858,2713,4,-11,0,0
53669,-315,792,1812,27,56,-32,0,0,0,4157,1650,-4616,27,10859,2713,4,-11,0,0
53746,-281,774,1944,-54,-85,39,0,0,0,4089,1588,-4624,28,10868,2712,4,-11,0,0
53842,-290,761,1950,-18,18,60,0,0,0,4049,1555,-4585,26,10855,2712,4,-11,0,0
53957,-269,791,1955,-98,39,88,0,0,0,3929,1569,-4493,27,10847,2712,4,-10,0,0
54096,-321,729,1942,-284,100,147,0,0,0,3784,1582,-4299,26,10874,2712,4,-10,0,0
54198,-308,672,1916,-261,-173,91,0,0,0,3498,1448,-4194,28,10870,2712,3,-9,0,0
54270,-302,603,1964,-450,-15,8,0,0,0,3182,1394,-4150,27,10855,2713,3,-9,0,0
54379,-283,478,1969,-876,-358,-161,0,0,0,2464,1217,-4264,28,10829,2713,3,-7,0,0
54462,-178,296,1902,-1239,-591,-305,0,0,0,1547,853,-4538,28,10850,2713,2,-4,0,0
54560,-64,157,1969,-1016,-244,-53,0,0,0,201,403,-4780,27,10835,2713,0,0,0,0
54675,60,-191,2170,-896,-16,172,0,0,0,-807,362,-4620,28,10837,2713,0,2,0,0
54750,-15,-368,2023,-746,-488,-26,0,0,0,-1694,98,-4457,27,10840,2713,0,4,0,0
54884,16,-492,1951,-530,-246,-152,0,0,0,-2400,-343,-4469,27,10851,2713,-1,6,0,0
54963,128,-599,1969,-230,-145,-163,0,0,0,-2780,-599,-4583,27,10817,2713,-1,7,0,0
55063,157,-602,1946,19,1,-122,0,0,0,-2865,-743,-4705,28,10813,2713,-2,7,0,0
55178,191,-626,2019,-193,14,-55,0,0,0,-2915,-742,-4758,28,10838,2713,-2,7,0,0
55276,193,-637,1942,-306,-166,-100,0,0,0,-3247,-890,-4758,28,10813,2713,-2,8,0,0
55351,198,-684,1864,40,36,-47,0,0,0,-3408,-991,-4802,27,10863,2713,-2,9,0,0
55466,250,-681,1996,23,16,-5,0,0,0,-3367,-899,-4819,28,10847,2713,-2,9,0,0
55567,218,-693,1944,-26,-46,0,0,0,0,-3401,-958,-4773,28,10828,2713,-2,9,0,0
55641,203,-703,1952,-6,-16,3,0,0,0,-3418,-958,-4733,28,10831,2713,-2,9,0,0
55754,201,-688,1919,-1,-43,-34,0,0,0,-3453,-986,-4710,27,10828,2713,-2,9,0,0
55856,209,-677,1907,-19,-5,-17,0,0,0,-3477,-1024,-4701,28,10838,2713,-2,9,0,0
55970,214,-728,1926,0,2,29,0,0,0,-3494,-1033,-4656,28,10842,2713,-2,9,0,0
56071,251,-691,1959,56,-83,-10,0,0,0,-3480,-1091,-4601,27,10829,2713,-3,9,0,0
56144,269,-701,1932,-61,-74,-3,0,0,0,-3479,-1150,-4554,27,10819,2713,-3,9,0,0
56260,252,-692,1900,5,-69,-7,0,0,0,-3523,-1268,-4504,28,10840,2712,-3,9,0,0
56359,243,-707,1911,-5,-4,-13,0,0,0,-3506,-1304,-4488,29,10844,2712,-3,9,0,0
56476,246,-718,1905,13,-15,-18,0,0,0,-3517,-1324,-4492,28,10838,2713,-3,9,0,0
56543,259,-689,1923,17,5,-29,0,0,0,-3513,-1303,-4527,28,10843,2713,-3,9,0,0
56648,310,-709,1951,26,17,-42,0,0,0,-3467,-1335,-4588,28,10811,2713,-3,9,0,0
56764,279,-657,1915,-68,-61,35,0,0,0,-3511,-1348,-4569,29,10825,2713,-3,9,0,0
56864,250,-698,1894,-32,4,12,0,0,0,-3580,-1363,-4524,28,10813,2713,-3,9,0,0
56979,270,-705,1919,37,35,-44,0,0,0,-3557,-1362,-4556,24,10806,2713,-3,9,0,0
57047,291,-618,1884,119,20,-17,0,0,0,-3495,-1344,-4588,27,10807,2713,-3,9,0,0
57152,296,-610,1924,58,74,81,0,0,0,-3365,-1294,-4578,28,10790,2713,-3,9,0,0
57267,239,-670,1900,-34,159,136,0,0,0,-3351,-1199,-4484,34,10779,2713,-3,9,0,0
57343,222,-733,2049,225,106,85,0,0,0,-3156,-1056,-4399,28,10810,2713,-3,8,0,0
57445,201,-621,2011,12,14,78,0,0,0,-3140,-980,-4318,28,10790,2713,-2,8,0,0
57550,151,-637,1965,-51,-28,9,0,0,0,-3212,-979,-4278,27,10760,2714,-2,8,0,0
57655,162,-620,1985,50,11,-35,0,0,0,-3204,-945,-4331,28,10803,2714,-2,8,0,0
57770,198,-621,1949,12,-24,-37,0,0,0,-3199,-935,-4372,28,10799,2714,-2,8,0,0
57846,201,-617,1982,6,9,-42,0,0,0,-3185,-934,-4440,28,10800,2714,-2,8,0,0
57943,200,-620,1955,7,14,-29,0,0,0,-3181,-960,-4464,28,10820,2714,-2,8,0,0
58054,203,-615,1966,-2,-30,-16,0,0,0,-3183,-975,-4476,27,10814,2714,-2,8,0,0
58159,209,-643,2004,-4,9,15,0,0,0,-3176,-973,-4467,29,10827,2714,-2,8,0,0
58274,194,-635,1973,-8,10,0,0,0,0,-3187,-988,-4449,28,10830,2714,-2,8,0,0
58345,193,-639,1965,-20,-28,-5,0,0,0,-3201,-977,-4447,27,10802,2714,-2,8,0,0
58447,171,-621,1929,7,30,-4,0,0,0,-3213,-971,-4453,29,10792,2715,-2,8,0,0
58558,205,-622,1989,-16,-5,-12,0,0,0,-3223,-946,-4470,29,10758,2714,-2,8,0,0
58663,166,-652,1946,-2,48,5,0,0,0,-3214,-930,-4483,28,10760,2714,-2,8,0,0
58778,186,-622,1934,-57,23,50,0,0,0,-3270,-913,-4453,28,10792,2715,-2,8,0,0
58849,200,-608,1986,-1,-12,9,0,0,0,-3295,-891,-4429,27,10776,2715,-2,8,0,0
58950,182,-647,1950,5,-23,0,0,0,0,-3301,-907,-4410,29,10810,2714,-2,8,0,0
59061,211,-639,1968,21,-11,-45,0,0,0,-3282,-927,-4445,27,10784,2714,-2,8,0,0
59167,206,-634,1969,-4,-34,-16,0,0,0,-3273,-972,-4472,27,10780,2714,-2,8,0,0
59282,173,-650,1942,-20,-33,-23,0,0,0,-3292,-997,-4476,29,10820,2714,-2,8,0,0
59352,211,-648,1981,15,15,-28,0,0,0,-3288,-991,-4519,28,10765,2715,-2,8,0,0
59454,206,-627,1954,-11,15,4,0,0,0,-3297,-990,-4525,28,10765,2715,-2,8,0,0
59573,184,-641,1952,-31,-11,4,0,0,0,-3324,-976,-4523,28,10790,2714,-2,8,0,0
59645,178,-660,1948,-16,10,-13,0,0,0,-3344,-967,-4521,28,10769,2715,-2,9,0,0
59743,206,-644,1947,7,17,-19,0,0,0,-3342,-972,-4547,28,10804,2714,-2,9,0,0
59853,203,-636,1950,-6,-11,6,0,0,0,-3342,-966,-4549,28,10835,2715,-2,9,0,0
59958,195,-655,1959,-1,19,31,0,0,0,-3347,-957,-4532,28,10862,2715,-2,9,0,0
60074,191,-641,1956,-9,5,14,0,0,0,-3352,-942,-4511,23,10814,2714,-2,9,0,0
60146,184,-663,1965,12,3,-1,0,0,0,-3349,-936,-4505,28,10816,2715,-2,9,0,0
60246,185,-653,1959,-6,-4,-2,0,0,0,-3341,-934,-4522,33,10832,2715,-2,9,0,0
60358,185,-639,1952,-3,17,0,0,0,0,-3346,-934,-4527,33,10813,2715,-2,9,0,0
60462,171,-651,1955,8,14,-16,0,0,0,-3348,-916,-4545,27,10832,2716,-2,9,0,0
60578,143,-695,1961,2,23,23,0,0,0,-3326,-874,-4577,28,10830,2715,-2,9,0,0
60650,223,-587,1966,180,76,9,0,0,0,-3308,-857,-4601,28,10812,2716,-2,8,0,0
60750,174,-533,1956,188,-31,140,0,0,0,-3121,-772,-4532,29,10751,2716,-2,8,0,0
60893,111,-506,1922,201,67,81,0,0,0,-2947,-688,-4390,27,10786,2716,-2,8,0,0
60965,110,-418,1987,902,241,135,0,0,0,-2487,-643,-4376,28,10788,2716,-1,6,0,0
61080,58,-385,2174,874,351,477,0,0,0,-1485,-188,-4102,28,10784,2717,0,3,0,0
61154,44,-221,2089,-84,-78,-3,0,0,0,-1019,-62,-3897,28,10771,2717,0,2,0,0
61255,36,-108,2032,453,-11,-29,0,0,0,-720,-247,-4024,28,10783,2717,0,1,0,0
61366,-46,-198,2207,-549,18,-12,0,0,0,-686,-42,-3975,26,10783,2717,0,1,0,0
61469,43,-308,2094,-1403,-509,-415,0,0,0,-1733,-336,-4166,28,10765,2717,0,3,0,0
61545,220,-505,1817,-880,-702,-505,0,0,0,-3037,-1287,-4519,29,10772,2717,-3,7,0,0
61658,345,-668,1882,-187,21,-233,0,0,0,-3318,-1576,-4746,28,10767,2717,-4,9,0,0
61759,327,-678,1948,-32,31,66,0,0,0,-3307,-1536,-4803,28,10774,2717,-4,8,0,0
61870,316,-679,1915,22,87,63,0,0,0,-3318,-1472,-4686,27,10814,2718,-4,9,0,0
61950,285,-649,1950,37,72,63,0,0,0,-3279,-1374,-4621,28,10820,2718,-3,8,0,0
62047,275,-607,1917,49,24,39,0,0,0,-3259,-1321,-4558,29,10777,2718,-3,8,0,0
62189,201,-454,1614,712,116,10,0,0,0,-2995,-1282,-4557,28,10764,2718,-3,8,0,0
62304,40,-352,1870,1651,586,127,0,0,0,-1976,-928,-4608,28,10752,2719,-2,5,0,0
62374,77,-340,2267,1321,247,309,0,0,0,-333,-454,-4471,28,10741,2718,-1,0,0,0
62453,191,166,2226,227,60,304,0,0,0,241,-53,-4138,28,10804,2718,0,0,0,0
62552,-56,105,1971,155,66,151,0,0,0,231,-148,-3902,28,10747,2718,0,0,0,0
62662,-142,17,2104,247,714,-167,0,0,0,424,483,-3942,27,10781,2718,1,-1,0,0
62768,-157,282,2167,54,1103,-103,0,0,0,506,1654,-4103,28,10782,2718,3,-1,0,0
62878,-573,25,2219,-565,22,-95,0,0,0,49,1681,-4075,29,10822,2718,4,0,0,0
62958,-191,81,1956,502,-65,-7,0,0,0,122,1720,-4073,25,10827,2718,4,0,0,0
63056,-220,-39,1993,51,-40,-197,0,0,0,146,1691,-4250,33,10763,2718,4,0,0,0
63196,-203,51,2075,-298,-70,-249,0,0,0,82,1659,-4477,25,10803,2718,4,0,0,0
63243,-631,392,1972,-46,4,1,0,0,0,10,1645,-4662,28,10803,2718,4,0,0,0
63381,-325,-71,2072,-57,0,-56,0,0,0,-61,1660,-4799,28,10779,2718,4,0,0,0
63466,-322,5,2039,-380,-1,-79,0,0,0,-224,1670,-4909,28,10790,2718,4,0,0,0
63601,-367,-121,2082,-28,-11,-2,0,0,0,-364,1651,-5001,28,10809,2718,4,0,0,0
63698,-346,-34,2025,-68,-5,-4,0,0,0,-365,1660,-5041,28,10792,2718,4,0,0,0
63774,-343,-60,2039,-18,-7,0,0,0,0,-365,1665,-5082,29,10775,2718,4,0,0,0
63885,-354,-78,2041,-22,2,-3,0,0,0,-366,1670,-5116,27,10800,2718,4,0,0,0
63990,-327,-59,2045,-6,0,2,0,0,0,-364,1675,-5148,27,10782,2717,4,0,0,0
64105,-342,-65,2040,-21,-1,0,0,0,0,-364,1679,-5181,27,10819,2717,4,0,0,0
64206,-343,-67,2043,-14,-1,0,0,0,0,-365,1683,-5209,22,10820,2717,4,0,0,0
64278,-342,-66,2046,-2,0,0,0,0,0,-363,1685,-5231,29,10823,2717,4,0,0,0
64388,-343,-64,2044,-2,0,0,0,0,0,-363,1688,-5255,28,10830,2717,4,0,0,0
64494,-347,-70,2043,-3,0,0,0,0,0,-363,1691,-5283,27,10805,2716,4,0,0,0
64609,-345,-68,2044,-4,0,0,0,0,0,-362,1694,-5309,27,10823,2716,4,0,0,0
64676,-342,-65,2045,-4,1,0,0,0,0,-362,1697,-5331,29,10825,2716,4,0,0,0
64782,-341,-64,2046,-2,0,0,0,0,0,-362,1699,-5356,28,10814,2716,4,0,0,0
64900,-344,-65,2046,-2,0,0,0,0,0,-361,1701,-5374,28,10813,2716,4,0,0,0
64998,-343,-66,2044,-2,0,0,0,0,0,-360,1703,-5395,29,10798,2716,4,0,0,0
65070,-349,-76,2045,-1,0,0,0,0,0,-360,1705,-5415,29,10803,2716,4,0,0,0
65176,-320,-41,2048,0,0,0,0,0,0,-356,1705,-5430,28,10811,2717,4,0,0,0
65286,-360,-87,2044,-2,1,0,0,0,0,-359,1709,-5444,27,10803,2717,4,0,0,0
65401,-338,-59,2045,-2,1,0,0,0,0,-358,1711,-5458,27,10798,2716,4,0,0,0
65502,-336,-63,2046,0,0,0,0,0,0,-358,1713,-5471,28,10775,2716,4,0,0,0
65573,-342,-65,2045,-1,0,0,0,0,0,-358,1714,-5480,29,10806,2717,4,0,0,0
65684,-346,-68,2046,0,0,0,0,0,0,-357,1716,-5492,28,10791,2717,4,0,0,0
65789,-342,-65,2046,0,0,0,0,0,0,-357,1717,-5503,26,10763,2717,4,0,0,0
65905,-341,-64,2047,-2,0,0,0,0,0,-357,1718,-5513,35,10757,2717,4,0,0,0
66005,-345,-67,2047,0,0,0,0,0,0,-356,1719,-5522,20,10818,2717,4,0,0,0
66078,-346,-68,2048,0,0,0,0,0,0,-355,1720,-5531,28,10798,2716,4,0,0,0
66188,-344,-66,2044,-2,1,0,0,0,0,-355,1721,-5537,28,10841,2717,4,0,0,0
66293,-343,-68,2045,0,0,0,0,0,0,-355,1723,-5545,28,10771,2717,4,0,0,0
66409,-350,-74,2045,-4,2,0,0,0,0,-356,1725,-5553,29,10810,2717,4,0,0,0
66510,-338,-64,2046,-2,0,0,0,0,0,-357,1727,-5560,27,10762,2717,4,0,0,0
66581,-347,-70,2047,-2,1,0,0,0,0,-358,1729,-5567,29,10824,2717,4,0,0,0
66692,-337,-55,2021,-5,14,0,0,0,0,-359,1732,-5573,28,10837,2717,4,0,0,0
66797,-365,-77,2044,23,4,0,0,0,0,-366,1744,-5586,28,10821,2717,4,0,0,0
66913,-349,-68,2045,14,1,0,0,0,0,-370,1744,-5593,28,10806,2717,4,0,0,0
66985,-344,-69,2043,9,1,0,0,0,0,-370,1745,-5601,33,10791,2717,4,0,0,0
67085,-337,-61,2045,7,0,0,0,0,0,-369,1745,-5607,28,10782,2716,4,0,0,0
67196,-350,-77,2044,5,0,0,0,0,0,-369,1746,-5614,29,10818,2717,4,0,0,0
67301,-348,-73,2047,0,1,0,0,0,0,-369,1746,-5616,24,10831,2717,4,0,0,0
67373,-343,-69,2044,0,0,0,0,0,0,-370,1747,-5618,29,10777,2717,4,0,0,0
67484,-349,-71,2045,0,0,0,0,0,0,-370,1747,-5620,28,10777,2717,4,0,0,0
67589,-370,-92,2064,17,-28,0,0,0,0,-366,1740,-5622,28,10783,2717,4,0,0,0
67700,-332,-70,2048,8,3,-2,0,0,0,-359,1734,-5621,29,10783,2717,4,0,0,0
67801,-326,-53,2040,7,1,0,0,0,0,-357,1735,-5620,28,10781,2717,4,0,0,0
67877,-345,-68,2044,9,0,1,0,0,0,-356,1736,-5619,28,10820,2717,4,0,0,0
67988,-355,-77,2043,3,2,0,0,0,0,-356,1736,-5621,27,10815,2717,4,0,0,0
68093,-342,-65,2044,2,2,-1,0,0,0,-355,1737,-5623,29,10805,2717,4,0,0,0
68204,-338,-61,2049,0,0,0,0,0,0,-356,1737,-5623,28,10811,2717,4,0,0,0
68281,-349,-72,2047,0,0,0,0,0,0,-356,1737,-5622,27,10830,2717,4,0,0,0
68381,-346,-70,2044,1,0,0,0,0,0,-356,1737,-5621,28,10830,2717,4,0,0,0
68492,-343,-66,2045,0,0,0,0,0,0,-356,1737,-5622,29,10789,2717,4,0,0,0
68599,-342,-64,2043,0,0,0,0,0,0,-357,1737,-5627,28,10761,2717,4,0,0,0
68708,-345,-69,2045,0,0,0,0,0,0,-356,1737,-5633,35,10820,2717,4,0,0,0
68785,-345,-69,2047,0,0,0,0,0,0,-356,1737,-5637,33,10776,2717,4,0,0,0
68886,-342,-65,2044,0,0,0,0,0,0,-356,1737,-5642,27,10835,2716,4,0,0,0
68996,-342,-67,2046,0,0,0,0,0,0,-356,1737,-5647,29,10772,2716,4,0,0,0
69102,-343,-68,2046,-1,0,0,0,0,0,-356,1737,-5652,28,10744,2716,4,0,0,0
69174,-343,-68,2046,-1,0,0,0,0,0,-356,1737,-5656,28,10802,2716,4,0,0,0
69285,-344,-66,2047,0,0,0,0,0,0,-355,1737,-5660,27,10788,2716,4,0,0,0
69390,-343,-66,2045,0,0,0,0,0,0,-355,1737,-5664,28,10841,2717,4,0,0,0
69501,-344,-67,2047,0,0,0,0,0,0,-354,1737,-5667,27,10822,2717,4,0,0,0
69606,-344,-67,2043,0,0,0,0,0,0,-354,1737,-5670,27,10820,2717,4,0,0,0
69678,-344,-68,2045,0,0,0,0,0,0,-353,1737,-5673,28,10806,2717,4,0,0,0
69794,-344,-67,2043,0,0,0,0,0,0,-353,1737,-5677,28,10829,2717,4,0,0,0
69894,-344,-67,2044,0,0,0,0,0,0,-352,1737,-5679,28,10827,2717,4,0,0,0
70005,-343,-67,2046,0,0,0,0,0,0,-352,1737,-5682,33,10844,2717,4,0,0,0
70110,-343,-65,2045,0,0,0,0,0,0,-352,1737,-5684,28,10800,2717,4,0,0,0
70182,-343,-68,2044,0,0,0,0,0,0,-351,1737,-5686,28,10828,2717,4,0,0,0
70298,-344,-66,2048,0,0,0,0,0,0,-351,1737,-5689,28,10832,2716,4,0,0,0
70398,-342,-67,2046,0,0,0,0,0,0,-350,1737,-5691,29,10851,2717,4,0,0,0
70470,-343,-67,2045,0,0,0,0,0,0,-350,1737,-5693,28,10808,2717,4,0,0,0
70585,-343,-67,2047,0,0,0,0,0,0,-350,1737,-5695,28,10820,2716,4,0,0,0
70686,-344,-68,2043,0,0,0,0,0,0,-349,1737,-5696,33,10846,2716,4,0,0,0
70801,-344,-66,2045,0,0,0,0,0,0,-349,1737,-5698,29,10806,2716,4,0,0,0
70902,-343,-68,2047,0,0,0,0,0,0,-349,1737,-5699,28,10832,2716,4,0,0,0
70974,-343,-67,2044,0,0,0,0,0,0,-349,1737,-5701,27,10839,2716,4,0,0,0
71089,-343,-68,2044,0,0,0,0,0,0,-348,1737,-5702,29,10817,2716,4,0,0,0
71190,-345,-68,2046,0,0,0,0,0,0,-348,1737,-5703,28,10795,2716,4,0,0,0
71305,-344,-67,2043,0,0,0,0,0,0,-348,1737,-5705,27,10851,2716,4,0,0,0
71406,-344,-67,2047,0,0,0,0,0,0,-348,1737,-5705,28,10833,2716,4,0,0,0
71478,-345,-69,2046,0,0,0,0,0,0,-348,1737,-5707,28,10843,2716,4,0,0,0
71593,-343,-66,2044,0,0,0,0,0,0,-347,1737,-5708,29,10843,2716,4,0,0,0
71694,-343,-68,2046,0,0,0,0,0,0,-347,1737,-5709,28,10836,2716,4,0,0,0
71809,-342,-67,2044,0,0,0,0,0,0,-347,1737,-5709,26,10868,2716,4,0,0,0
71884,-344,-66,2045,0,0,0,0,0,0,-347,1737,-5710,28,10789,2715,4,0,0,0
71982,-343,-67,2045,0,0,0,0,0,0,-347,1737,-5711,29,10831,2716,4,0,0,0
72097,-343,-68,2046,0,0,0,0,0,0,-347,1737,-5712,29,10870,2715,4,0,0,0
72198,-344,-68,2043,0,0,0,0,0,0,-347,1737,-5712,27,10850,2715,4,0,0,0
72270,-344,-67,2044,0,0,0,0,0,0,-347,1737,-5713,29,10866,2715,4,0,0,0
72388,-344,-69,2045,0,0,0,0,0,0,-347,1737,-5714,28,10826,2715,4,0,0,0
72486,-344,-67,2041,0,0,0,0,0,0,-347,1737,-5714,29,10856,2715,4,0,0,0
72601,-344,-68,2044,0,0,0,0,0,0,-347,1737,-5715,28,10864,2715,4,0,0,0
72702,-345,-67,2045,0,0,0,0,0,0,-347,1737,-5715,28,10853,2715,4,0,0,0
72774,-343,-67,2044,0,0,0,0,0,0,-346,1737,-5716,28,10836,2715,4,0,0,0
72889,-343,-69,2045,0,0,0,0,0,0,-346,1737,-5716,28,10873,2715,4,0,0,0
72990,-344,-66,2045,0,0,0,0,0,0,-346,1737,-5717,28,10853,2715,4,0,0,0
73105,-344,-67,2044,0,0,0,0,0,0,-346,1737,-5717,28,10873,2715,4,0,0,0
73206,-344,-68,2046,0,0,0,0,0,0,-346,1737,-5717,28,10855,2715,4,0,0,0
73277,-343,-67,2045,0,0,0,0,0,0,-346,1737,-5718,29,10847,2715,4,0,0,0
73393,-343,-68,2044,0,0,0,0,0,0,-346,1737,-5718,28,10866,2715,4,0,0,0
73493,-345,-67,2047,0,0,0,0,0,0,-346,1737,-5718,20,10842,2715,4,0,0,0
73610,-344,-68,2045,0,0,0,0,0,0,-346,1737,-5719,28,10873,2715,4,0,0,0
73709,-344,-69,2045,0,0,0,0,0,0,-346,1737,-5719,28,10867,2714,4,0,0,0
73781,-344,-68,2045,0,0,0,0,0,0,-346,1737,-5719,28,10863,2714,4,0,0,0
73897,-343,-67,2046,0,0,0,0,0,0,-346,1737,-5719,28,10867,2714,4,0,0,0
73997,-343,-68,2044,0,0,0,0,0,0,-346,1737,-5720,28,10886,2714,4,0,0,0
74113,-343,-67,2047,0,0,0,0,0,0,-346,1737,-5720,28,10866,2714,4,0,0,0
74180,-343,-67,2045,0,0,0,0,0,0,-346,1737,-5720,28,10861,2714,4,0,0,0
74285,-344,-67,2043,0,0,0,0,0,0,-346,1737,-5720,27,10846,2715,4,0,0,0
74401,-343,-67,2044,0,0,0,0,0,0,-346,1737,-5720,27,10851,2715,4,0,0,0
74501,-344,-67,2046,0,0,0,0,0,0,-346,1737,-5721,29,10854,2715,4,0,0,0
74573,-344,-69,2045,0,0,0,0,0,0,-346,1737,-5721,28,10851,2715,4,0,0,0
74684,-344,-67,2045,0,0,0,0,0,0,-346,1737,-5721,28,10825,2716,4,0,0,0
74789,-344,-67,2044,0,0,0,0,0,0,-346,1737,-5721,27,10853,2715,4,0,0,0
74906,-343,-66,2044,0,0,0,0,0,0,-347,1737,-5721,27,10834,2715,4,0,0,0
75006,-345,-68,2045,0,0,0,0,0,0,-346,1737,-5721,28,10872,2716,4,0,0,0
75077,-345,-68,2046,0,0,0,0,0,0,-347,1737,-5721,28,10860,2715,4,0,0,0
75189,-344,-68,2043,0,0,0,0,0,0,-347,1737,-5722,28,10886,2716,4,0,0,0
75294,-343,-68,2045,0,0,0,0,0,0,-347,1737,-5722,28,10849,2716,4,0,0,0
75409,-344,-67,2046,0,0,0,0,0,0,-347,1737,-5722,28,10856,2715,4,0,0,0
75477,-344,-67,2044,0,0,0,0,0,0,-347,1737,-5722,28,10880,2716,4,0,0,0
75581,-344,-68,2046,0,0,0,0,0,0,-347,1737,-5722,28,10868,2716,4,0,0,0
75693,-344,-67,2044,0,0,0,0,0,0,-347,1737,-5722,27,10861,2716,4,0,0,0
75798,-344,-67,2045,0,0,0,0,0,0,-347,1737,-5722,28,10834,2716,4,0,0,0
75914,-344,-70,2046,0,0,0,0,0,0,-347,1737,-5722,28,10880,2716,4,0,0,0
75980,-345,-68,2045,0,0,0,0,0,0,-347,1737,-5722,31,10834,2716,4,0,0,0
76086,-344,-67,2045,0,0,0,0,0,0,-347,1737,-5722,28,10865,2716,4,0,0,0
76197,-343,-68,2047,0,0,0,0,0,0,-347,1737,-5722,27,10815,2716,4,0,0,0
76302,-344,-68,2045,0,0,0,0,0,0,-347,1737,-5722,20,10795,2716,4,0,0,0
76374,-344,-68,2045,0,0,0,0,0,0,-347,1737,-5723,28,10842,2716,4,0,0,0
76485,-344,-68,2047,0,0,0,0,0,0,-347,1737,-5723,28,10810,2716,4,0,0,0
76590,-343,-67,2045,0,0,0,0,0,0,-347,1737,-5723,27,10835,2716,4,0,0,0
76701,-344,-68,2045,0,0,0,0,0,0,-347,1737,-5723,27,10840,2717,4,0,0,0
76806,-343,-69,2046,0,0,0,0,0,0,-347,1737,-5723,28,10853,2717,4,0,0,0
76878,-343,-68,2044,0,0,0,0,0,0,-347,1737,-5723,28,10803,2717,4,0,0,0
76989,-343,-68,2042,0,0,0,0,0,0,-347,1737,-5723,28,10823,2717,4,0,0,0
77094,-344,-67,2046,0,0,0,0,0,0,-347,1737,-5723,28,10818,2717,4,0,0,0
77212,-344,-67,2045,0,0,0,0,0,0,-347,1737,-5723,28,10767,2717,4,0,0,0
77310,-344,-68,2043,0,0,0,0,0,0,-347,1737,-5723,20,10764,2717,4,0,0,0
77382,-344,-67,2046,0,0,0,0,0,0,-347,1737,-5723,28,10798,2717,4,0,0,0
77493,-345,-68,2043,0,0,0,0,0,0,-347,1737,-5723,28,10814,2717,4,0,0,0
77598,-344,-68,2043,0,0,0,0,0,0,-347,1737,-5723,27,10808,2716,4,0,0,0
77713,-343,-68,2046,0,0,0,0,0,0,-347,1737,-5723,29,10801,2717,4,0,0,0
77785,-344,-68,2045,0,0,0,0,0,0,-347,1737,-5723,27,10849,2716,4,0,0,0
77886,-345,-69,2045,0,0,0,0,0,0,-347,1737,-5723,28,10797,2716,4,0,0,0
77997,-343,-67,2047,0,0,0,0,0,0,-347,1737,-5723,28,10827,2716,4,0,0,0
78102,-343,-67,2045,0,0,0,0,0,0,-347,1737,-5723,28,10855,2716,4,0,0,0
78217,-344,-67,2045,0,0,0,0,0,0,-347,1737,-5723,28,10814,2716,4,0,0,0
78289,-344,-67,2045,0,0,0,0,0,0,-347,1737,-5723,28,10829,2716,4,0,0,0
78390,-344,-69,2043,0,0,0,0,0,0,-347,1737,-5723,28,10843,2715,4,0,0,0
78500,-343,-68,2046,0,0,0,0,0,0,-347,1737,-5723,28,10821,2715,4,0,0,0
78606,-343,-68,2045,0,0,0,0,0,0,-347,1737,-5723,28,10864,2715,4,0,0,0
78678,-344,-68,2044,0,0,0,0,0,0,-348,1737,-5723,28,10844,2715,4,0,0,0
78793,-344,-67,2043,0,0,0,0,0,0,-348,1736,-5723,27,10845,2715,4,0,0,0
78894,-343,-68,2046,0,0,0,0,0,0,-348,1736,-5723,28,10815,2715,4,0,0,0
79004,-345,-68,2045,0,0,0,0,0,0,-348,1736,-5723,29,10813,2715,4,0,0,0
79110,-343,-68,2046,0,0,0,0,0,0,-348,1736,-5723,27,10803,2715,4,0,0,0
79182,-344,-68,2047,0,0,0,0,0,0,-348,1736,-5723,35,10807,2715,4,0,0,0
79297,-343,-68,2045,0,0,0,0,0,0,-348,1736,-5723,28,10837,2715,4,0,0,0
79397,-344,-68,2045,0,0,0,0,0,0,-348,1736,-5723,28,10831,2715,4,0,0,0
79469,-344,-69,2043,0,0,0,0,0,0,-348,1736,-5723,27,10836,2715,4,0,0,0
79585,-343,-68,2044,0,0,0,0,0,0,-348,1736,-5723,28,10817,2715,4,0,0,0
79685,-343,-68,2044,0,0,0,0,0,0,-348,1736,-5723,28,10847,2715,4,0,0,0
79801,-343,-68,2042,0,0,0,0,0,0,-348,1736,-5723,28,10823,2715,4,0,0,0
79901,-343,-68,2047,0,0,0,0,0,0,-348,1736,-5723,27,10840,2715,4,0,0,0
79973,-344,-68,2045,0,0,0,0,0,0,-348,1736,-5723,28,10839,2716,4,0,0,0
80089,-344,-68,2044,0,0,0,0,0,0,-348,1736,-5723,28,10844,2716,4,0,0,0
80189,-343,-68,2045,0,0,0,0,0,0,-348,1736,-5723,28,10864,2716,4,0,0,0
80305,-344,-68,2043,0,0,0,0,0,0,-348,1736,-5723,28,10840,2716,4,0,0,0
80405,-344,-68,2046,0,0,0,0,0,0,-348,1736,-5723,28,10859,2716,4,0,0,0
80477,-343,-69,2039,7,0,0,0,0,0,-347,1736,-5723,28,10848,2717,4,0,0,0
80593,-342,-70,2066,16,-1,0,0,0,0,-346,1734,-5723,28,10860,2717,4,0,0,0
80693,-342,-68,2047,3,0,0,0,0,0,-345,1734,-5723,28,10861,2717,4,0,0,0
80804,-343,-68,2044,6,0,0,0,0,0,-345,1734,-5723,27,10830,2717,4,0,0,0
80909,-345,-68,2046,6,0,0,0,0,0,-344,1734,-5723,28,10821,2717,4,0,0,0
80981,-342,-67,2045,3,0,0,0,0,0,-343,1734,-5723,29,10773,2717,4,0,0,0
81097,-343,-68,2043,2,0,0,0,0,0,-343,1735,-5723,29,10857,2717,4,0,0,0
81197,-343,-63,2053,4,1,0,0,0,0,-343,1735,-5723,27,10815,2717,4,0,0,0
81265,-208,-18,2056,46,11,-32,0,0,0,-406,1724,-5736,27,10803,2717,4,1,0,0
81384,-331,-26,1986,40,-9,-22,0,0,0,-403,1719,-5797,28,10780,2717,4,0,0,0
81485,-339,-82,2068,1,-2,0,0,0,0,-397,1721,-5806,28,10805,2717,4,0,0,0
81601,-339,-78,2044,0,1,0,0,0,0,-399,1722,-5806,28,10807,2717,4,0,0,0
81701,-342,-78,2043,3,0,0,0,0,0,-399,1722,-5804,28,10778,2717,4,0,0,0
81773,-343,-79,2046,0,0,0,0,0,0,-399,1723,-5803,28,10794,2717,4,0,0,0
81892,-340,-74,2035,10,0,0,0,0,0,-396,1723,-5803,28,10817,2717,4,0,0,0
81990,-342,-79,2047,0,0,0,0,0,0,-398,1724,-5802,28,10805,2717,4,0,0,0
82105,-341,-79,2046,1,0,0,0,0,0,-397,1724,-5796,20,10792,2717,4,0,0,0
82205,-344,-79,2047,-1,0,0,0,0,0,-397,1724,-5787,20,10827,2718,4,0,0,0
82277,-344,-79,2043,0,0,0,0,0,0,-397,1724,-5779,28,10843,2718,4,0,0,0
82394,-343,-78,2044,0,0,0,0,0,0,-397,1725,-5770,29,10775,2717,4,0,0,0
82494,-342,-79,2044,0,0,0,0,0,0,-397,1725,-5772,27,10811,2717,4,0,0,0
82610,-342,-78,2045,0,0,0,0,0,0,-397,1725,-5773,27,10813,2718,4,0,0,0
82710,-340,-77,2044,0,0,0,0,0,0,-397,1725,-5774,28,10814,2718,4,0,0,0
82782,-339,-77,2045,0,0,0,0,0,0,-397,1725,-5775,28,10773,2718,4,0,0,0
82898,-340,-79,2044,1,0,0,0,0,0,-397,1725,-5776,28,10794,2718,4,0,0,0
82998,-342,-78,2044,0,0,0,0,0,0,-397,1725,-5777,27,10827,2718,4,0,0,0
83070,-342,-78,2044,0,0,0,0,0,0,-398,1725,-5778,28,10826,2719,4,0,0,0
83181,-342,-80,2046,0,0,0,0,0,0,-398,1725,-5778,28,10791,2719,4,0,0,0
83286,-343,-80,2045,0,0,0,0,0,0,-398,1725,-5779,28,10773,2719,4,0,0,0
83401,-342,-78,2044,0,0,0,0,0,0,-398,1725,-5780,28,10740,2719,4,0,0,0
83502,-342,-77,2046,0,0,0,0,0,0,-398,1725,-5780,28,10797,2720,4,0,0,0
83574,-341,-78,2046,0,0,0,0,0,0,-398,1725,-5781,28,10763,2720,4,0,0,0
83685,-341,-78,2045,0,0,0,0,0,0,-398,1725,-5781,29,10779,2720,4,0,0,0
83790,-341,-78,2046,0,0,0,0,0,0,-398,1726,-5782,28,10795,2720,4,0,0,0
83905,-342,-78,2047,0,0,0,0,0,0,-398,1726,-5782,28,10784,2721,4,0,0,0
84006,-342,-78,2047,0,0,0,0,0,0,-398,1726,-5783,28,10742,2721,4,0,0,0
84078,-343,-79,2045,0,0,0,0,0,0,-398,1726,-5783,29,10737,2721,4,0,0,0
84189,-342,-78,2045,0,0,0,0,0,0,-399,1726,-5784,29,10784,2721,4,0,0,0
84294,-342,-78,2044,0,0,0,0,0,0,-399,1726,-5784,28,10763,2721,4,0,0,0
84409,-342,-78,2046,0,0,0,0,0,0,-399,1726,-5784,28,10752,2721,4,0,0,0
84510,-342,-81,2057,-17,0,0,0,0,0,-403,1726,-5785,28,10731,2721,4,0,0,0
84582,-342,-81,2047,6,0,0,0,0,0,-404,1725,-5785,28,10784,2721,4,0,0,0
84692,-341,-79,2047,-1,0,0,0,0,0,-403,1726,-5785,28,10748,2721,4,0,0,0
84798,-343,-74,2054,79,7,2,0,0,0,-360,1739,-5840,27,10758,2722,4,0,0,0
84913,-344,-77,2056,12,3,0,0,0,0,-383,1739,-5919,28,10792,2722,4,0,0,0
84984,-344,-74,2050,-92,-12,-7,0,0,0,-381,1735,-5986,33,10739,2722,4,0,0,0
85085,-341,-79,2049,4,0,-1,0,0,0,-405,1731,-6035,28,10794,2722,4,1,0,0
85196,-343,-77,2043,10,0,0,0,0,0,-402,1731,-6091,34,10751,2723,4,0,0,0
85301,-340,-96,2099,-12,-3,-15,0,0,0,-399,1734,-6156,28,10788,2723,4,0,0,0
85417,-342,-80,2040,-23,-4,0,0,0,0,-399,1732,-6226,28,10748,2723,4,0,0,0
85483,-297,-47,2064,4,1,0,0,0,0,-394,1732,-6301,29,10772,2723,4,0,0,0
85589,-420,-103,2107,-3,-8,-37,0,0,0,-415,1704,-6430,28,10766,2722,4,1,0,0
85877,-335,-82,2040,1,0,0,0,0,0,-430,1697,-6547,29,10787,2722,4,1,0,0
85991,-335,-85,2042,6,0,0,0,0,0,-430,1699,-6556,28,10784,2722,4,1,0,0
86093,-334,-82,2047,-1,3,0,0,0,0,-425,1698,-6592,27,10777,2722,4,1,0,0
86209,-332,-88,1993,1,8,0,0,0,0,-424,1700,-6632,27,10764,2722,4,1,0,0
86309,-333,-81,2014,11,3,2,0,0,0,-439,1702,-6669,31,10739,2722,4,1,0,0
86381,-335,-93,2040,9,-9,1,0,0,0,-447,1705,-6700,28,10761,2722,4,1,0,0
86492,-338,-87,2051,-47,6,-4,0,0,0,-458,1708,-6747,30,10786,2722,4,1,0,0
86597,-333,-74,1982,-32,11,0,0,0,0,-450,1703,-6796,27,10746,2722,4,1,0,0
86713,-340,-94,2095,25,-11,2,0,0,0,-479,1714,-6855,28,10763,2722,4,1,0,0
86813,-338,-87,2043,-12,8,-1,0,0,0,-446,1706,-6914,28,10755,2723,4,1,0,0
86885,-335,-83,2065,0,0,0,0,0,0,-431,1701,-6974,28,10746,2723,4,1,0,0
86996,-336,-83,2048,-8,2,0,0,0,0,-433,1704,-7008,27,10741,2723,4,1,0,0
87101,-338,-92,2076,-104,10,-2,0,0,0,-451,1708,-7045,28,10765,2723,4,1,0,0
87217,-337,-86,2049,5,6,3,0,0,0,-432,1703,-7078,28,10750,2724,4,1,0,0
87289,-344,-98,2086,84,-6,65,0,0,0,-406,1711,-7073,27,10733,2724,4,1,0,0
87389,-331,-72,1992,33,5,0,0,0,0,-434,1711,-7078,28,10735,2724,4,1,0,0
87500,-340,-82,2055,-16,5,0,0,0,0,-441,1719,-7106,28,10760,2725,4,1,0,0
87605,-339,-89,2036,8,1,0,0,0,0,-449,1722,-7134,28,10750,2725,4,1,0,0
87677,-341,-87,2034,-12,5,-2,0,0,0,-439,1725,-7156,28,10732,2725,4,1,0,0
87793,-342,-91,2023,-45,-17,-2,0,0,0,-452,1724,-7187,28,10742,2726,4,1,0,0
87893,-343,-81,2045,31,4,0,0,0,0,-437,1737,-7215,27,10719,2726,4,1,0,0
88004,-346,-82,2051,53,6,0,0,0,0,-402,1744,-7241,29,10724,2726,4,0,0,0
88109,-346,-64,2029,-25,-10,0,0,0,0,-344,1745,-7261,29,10719,2726,4,0,0,0
88181,-343,-64,2094,71,14,0,0,0,0,-402,1729,-7292,28,10707,2727,4,0,0,0
88297,-337,-76,2041,15,12,0,0,0,0,-387,1722,-7317,28,10690,2728,4,0,0,0
88397,-345,-63,2036,48,8,2,0,0,0,-354,1730,-7351,28,10704,2728,4,0,0,0
88508,-343,-62,2033,-53,-12,7,0,0,0,-294,1734,-7372,28,10717,2728,4,0,0,0
88613,-337,-94,2103,36,13,-4,0,0,0,-370,1717,-7408,28,10706,2728,4,0,0,0
88685,-340,-71,2057,21,1,0,0,0,0,-376,1715,-7438,28,10694,2728,4,0,0,0
88797,-339,-67,2046,113,5,5,0,0,0,-317,1719,-7458,28,10748,2728,4,0,0,0
88897,-336,-51,2024,-136,-23,-11,0,0,0,-355,1713,-7467,29,10709,2728,4,0,0,0
88973,-340,-56,2037,-33,1,-6,0,0,0,-382,1709,-7470,27,10742,2728,4,0,0,0
89330,-339,-52,2030,-74,-12,-12,0,0,0,-363,1713,-7483,30,10748,2728,4,0,0,0
89405,-342,-93,2070,17,6,0,0,0,0,-384,1721,-7493,25,10746,2728,4,0,0,0
89478,-341,-69,2071,46,12,2,0,0,0,-362,1721,-7502,28,10728,2728,4,0,0,0
89595,-340,-66,2058,-65,-16,-2,0,0,0,-326,1722,-7502,28,10711,2728,4,0,0,0
89694,-337,-68,2036,-91,-8,-10,0,0,0,-374,1715,-7506,32,10744,2728,4,0,0,0
89805,-339,-71,2047,-11,1,-1,0,0,0,-380,1715,-7505,29,10767,2728,4,0,0,0
89910,-339,-73,2032,14,8,0,0,0,0,-370,1718,-7508,28,10723,2728,4,0,0,0
89982,-339,-73,2060,-36,9,-6,0,0,0,-386,1720,-7515,28,10720,2728,4,0,0,0
90414,-341,-78,2044,-2,0,0,0,0,0,-401,1717,-7545,28,10720,2728,4,0,0,0
90486,-340,-84,2057,-4,7,-1,0,0,0,-414,1718,-7554,27,10720,2728,4,1,0,0
90604,-340,-83,2054,5,5,0,0,0,0,-414,1719,-7562,28,10724,2729,4,1,0,0
90702,-340,-78,2045,5,0,0,0,0,0,-402,1719,-7571,28,10715,2729,4,0,0,0
90812,-340,-81,2046,-2,-7,0,0,0,0,-407,1716,-7564,27,10737,2729,4,1,0,0
90918,-339,-78,2041,-11,-3,0,0,0,0,-408,1713,-7564,28,10712,2729,4,1,0,0
90989,-337,-83,2048,16,1,0,0,0,0,-401,1711,-7567,24,10700,2729,4,0,0,0
91105,-337,-76,2038,4,-5,0,0,0,0,-399,1711,-7570,28,10706,2729,4,0,0,0
91205,-337,-80,2042,6,-3,0,0,0,0,-403,1709,-7552,27,10717,2729,4,0,0,0
91277,-336,-82,2049,-13,5,0,0,0,0,-406,1707,-7530,28,10720,2729,4,1,0,0
91395,-335,-80,2045,-9,6,0,0,0,0,-399,1709,-7522,28,10718,2729,4,0,0,0
91710,-329,-92,2101,-51,42,1,0,0,0,-392,1711,-7495,27,10706,2729,4,0,0,0
91781,-337,-76,2030,66,-5,3,0,0,0,-356,1717,-7477,27,10713,2729,4,0,0,0
91897,-340,-71,2038,-8,6,-2,0,0,0,-373,1723,-7469,28,10676,2729,4,0,0,0
91997,-337,-83,2029,33,-9,1,0,0,0,-377,1710,-7457,29,10722,2729,4,0,0,0
92141,-343,-69,2092,97,37,-10,0,0,0,-357,1743,-7472,30,10714,2730,4,0,0,0
92429,-341,-72,2027,22,-18,5,0,0,0,-404,1720,-7440,28,10731,2730,4,0,0,0
92501,-336,-77,2002,37,-11,-1,0,0,0,-383,1708,-7426,24,10716,2731,4,0,0,0
92573,-338,-76,2033,-24,-4,-1,0,0,0,-394,1710,-7415,28,10698,2731,4,0,0,0
92695,-340,-65,2037,-17,0,-12,0,0,0,-398,1702,-7403,28,10691,2731,4,0,0,0
92789,-340,-85,2048,-13,7,21,0,0,0,-408,1713,-7385,26,10694,2731,4,1,0,0
92904,-340,-67,1997,-9,-4,1,0,0,0,-387,1707,-7363,27,10691,2731,4,0,0,0
93005,-342,-58,2078,-51,9,-11,0,0,0,-393,1707,-7355,28,10682,2732,4,0,0,0
93077,-336,-72,2074,2,2,1,0,0,0,-400,1707,-7348,27,10689,2732,4,0,0,0
93191,-347,-47,2076,16,-5,2,0,0,0,-389,1710,-7335,28,10722,2732,4,0,0,0
93509,-336,-72,2023,3,0,-3,0,0,0,-386,1701,-7325,27,10675,2732,4,0,0,0
93581,-331,-80,2024,31,-5,-4,0,0,0,-370,1699,-7325,28,10675,2732,4,0,0,0
93702,-336,-74,2042,-9,2,0,0,0,0,-366,1701,-7318,28,10655,2732,4,0,0,0
93797,-333,-78,2051,3,-7,-10,0,0,0,-363,1695,-7316,27,10677,2732,4,0,0,0
93912,-336,-66,2062,-29,0,-5,0,0,0,-372,1692,-7321,27,10692,2732,4,0,0,0
94013,-336,-76,2057,5,9,-4,0,0,0,-375,1700,-7325,27,10664,2732,4,0,0,0
94085,-334,-73,2056,11,-4,2,0,0,0,-372,1702,-7324,26,10673,2732,4,0,0,0
94204,-337,-69,2039,-5,1,3,0,0,0,-372,1701,-7323,29,10718,2732,4,0,0,0
94301,-335,-77,2064,20,-9,0,0,0,0,-376,1697,-7331,28,10680,2732,4,0,0,0
94416,-328,-90,2023,-11,2,-10,0,0,0,-360,1694,-7334,28,10708,2732,4,0,0,0
94484,-342,-68,2075,-10,-2,1,0,0,0,-367,1704,-7326,29,10715,2732,4,0,0,0
94589,-335,-74,2029,-23,7,-1,0,0,0,-374,1707,-7325,29,10689,2732,4,0,0,0
94708,-338,-74,2044,7,-2,-1,0,0,0,-365,1700,-7315,28,10652,2732,4,0,0,0
94805,-365,-106,2043,6,3,0,0,0,0,-365,1696,-7318,28,10647,2733,4,0,0,0
94873,-314,-49,2043,-11,-8,-27,0,0,0,-376,1694,-7316,28,10691,2733,4,0,0,0
94983,-326,-23,2062,23,-1,-9,0,0,0,-374,1698,-7310,29,10693,2733,4,0,0,0
95093,-335,-147,2078,-43,0,-26,0,0,0,-414,1697,-7362,27,10676,2733,4,1,0,0
95168,-286,28,2018,35,-9,-37,0,0,0,-409,1696,-7360,27,10702,2733,4,1,0,0
95309,-376,-119,2040,52,-9,-26,0,0,0,-361,1701,-7386,27,10718,2733,4,0,0,0
95381,-363,-175,2031,9,9,-134,0,0,0,-384,1699,-7516,27,10665,2733,4,0,0,0
95492,-303,-74,2008,55,-6,-29,0,0,0,-401,1673,-7566,29,10677,2734,4,0,0,0
95593,-339,-4,2010,175,5,1,0,0,0,-277,1680,-7564,32,10658,2733,4,0,0,0
95712,-319,-62,2076,-159,-24,94,0,0,0,-354,1686,-7480,27,10661,2733,4,0,0,0
95813,-324,-114,2109,-80,-4,90,0,0,0,-395,1674,-7282,28,10671,2733,4,0,0,0
95885,-401,76,2124,-29,-60,61,0,0,0,-366,1655,-7084,33,10678,2733,4,0,0,0
95995,72,986,2098,-410,-187,-258,0,0,0,-402,1680,-7004,27,10674,2733,4,0,0,0
96101,-320,-133,2152,100,50,34,0,0,0,-478,1636,-7130,30,10652,2734,4,1,0,0
96173,-331,-106,2019,118,20,77,0,0,0,-427,1671,-7039,29,10672,2734,4,1,0,0
96284,-310,-7,2201,270,12,16,0,0,0,-385,1673,-6897,30,10653,2734,4,0,0,0
96390,-339,-100,1931,85,14,-16,0,0,0,-422,1651,-6800,25,10650,2734,4,1,0,0
96573,-325,-43,2088,27,1,4,0,0,0,-403,1655,-6655,27,10675,2734,4,1,0,0
96678,-370,-118,2137,-141,-27,-1,0,0,0,-371,1654,-6606,27,10666,2734,4,0,0,0
96792,-317,-121,2103,107,6,-24,0,0,0,-391,1647,-6562,27,10656,2734,4,0,0,0
96889,-320,-48,2092,-54,-5,-6,0,0,0,-403,1647,-6502,28,10659,2734,4,0,0,0
96965,-327,-55,2029,97,13,-2,0,0,0,-399,1645,-6446,30,10706,2734,4,0,0,0
97077,-329,-47,2170,26,3,2,0,0,0,-421,1641,-6413,20,10669,2734,4,1,0,0
97181,-325,-80,2015,64,8,3,0,0,0,-413,1641,-6369,28,10671,2734,4,1,0,0
97249,-294,-44,2058,191,39,-16,0,0,0,-361,1648,-6343,27,10672,2734,4,1,0,0
97369,-334,-89,2086,-94,-3,-2,0,0,0,-381,1645,-6323,32,10683,2734,4,0,0,0
97469,-320,-73,2130,-52,-12,-2,0,0,0,-403,1641,-6284,29,10687,2734,4,0,0,0
97541,-318,-57,2012,66,20,-1,0,0,0,-409,1639,-6242,28,10673,2734,4,1,0,0
97652,-348,-155,2075,-151,-13,-17,0,0,0,-398,1642,-6210,26,10655,2735,4,0,0,0
97757,-319,-56,1968,65,-7,-75,0,0,0,-272,1666,-6188,27,10672,2735,4,0,0,0
124763,0,0,0,0,0,0,0,0,0,0,0,0,0,-16960,0,0,0,0,0
124877,0,0,0,0,0,0,0,0,0,0,0,0,0,-16960,0,0,0,0,0
124977,0,0,0,0,0,0,0,0,0,0,0,0,0,-16960,0,0,0,0,0
125093,163,17,2083,-4,-9,91,0,0,0,-40,-849,28649,26,10853,2718,0,0,0,0
125162,200,19,2173,-45,-51,42,0,0,0,-50,-890,28935,28,10822,2718,0,0,0,0
125265,180,3,1987,136,-174,0,0,0,0,39,-1057,29071,29,10813,2718,0,0,0,0
125382,158,8,2096,-210,186,30,0,0,0,-57,-972,29112,28,10821,2718,0,0,0,0
125481,173,-53,1962,147,-108,-49,0,0,0,-101,-911,29181,29,10792,2719,0,0,0,0
125598,155,19,2054,318,114,-114,0,0,0,131,-878,29155,29,10784,2719,0,0,0,0
125695,239,154,2194,117,-271,57,0,0,0,551,-910,29230,28,10812,2719,0,0,0,0
125770,132,115,2094,91,24,149,0,0,0,576,-1013,29468,28,10797,2719,0,0,0,0
125886,170,179,2192,-58,-53,107,0,0,0,544,-916,29802,28,10819,2719,0,0,0,0
125962,212,82,1989,90,22,40,0,0,0,751,-1005,30011,29,10779,2719,0,0,0,0
126102,169,192,2179,156,62,-86,0,0,0,903,-908,30070,28,10789,2719,0,0,0,0
126169,133,242,2119,-113,196,-18,0,0,0,990,-699,30107,29,10805,2719,0,0,0,0
126274,122,227,2206,-94,-3,1,0,0,0,915,-596,30230,29,10778,2719,0,0,0,0
126490,0,0,0,0,0,0,0,0,0,0,0,0,0,-16960,0,0,0,0,0
126606,0,0,0,0,0,0,0,0,0,0,0,0,0,-16960,0,0,0,0,0
126706,0,0,0,0,0,0,0,0,0,0,0,0,0,-16960,0,0,0,0,0
126817,53,81,2379,423,-958,121,0,0,0,582,-740,31196,28,10817,2719,0,0,0,0
126894,258,126,1698,-580,-107,-127,0,0,0,607,-1473,31350,28,10792,2718,0,0,0,0
126994,369,-162,2421,-512,484,167,0,0,0,-192,-982,31532,29,10829,2718,0,0,0,0
127111,301,57,2035,-268,-237,127,0,0,0,-146,-1034,31649,29,10798,2718,0,0,0,0
127210,228,118,2106,40,82,158,0,0,0,-179,-1134,31835,28,10810,2718,0,0,0,0
127284,289,-63,2138,196,-251,415,0,0,0,-120,-1254,32312,28,10809,2717,0,0,0,0
127397,116,-38,2042,413,181,211,0,0,0,239,-1278,-32765,28,10805,2717,0,0,0,0
127498,132,157,2058,-68,240,140,0,0,0,488,-967,-32309,24,10793,2717,0,0,0,0
127613,280,59,1801,-105,-63,98,0,0,0,340,-864,-31944,28,10806,2717,0,0,0,0
127681,264,203,1815,64,140,97,0,0,0,415,-848,-31689,25,10828,2717,0,-44,0,0
127786,121,59,2445,449,-9,318,0,0,0,521,-709,-31497,24,10814,2717,0,-44,0,0
127901,87,131,1900,-92,-40,126,0,0,0,558,-869,-31132,28,10785,2716,0,-44,0,0
128191,214,26,2038,711,-86,-29,0,0,0,688,-930,-30565,28,10788,2716,0,-2,0,0
128287,168,119,1778,-373,-105,-105,0,0,0,840,-1011,-30590,27,10789,2716,0,44,0,0
128402,209,162,2136,-366,60,-12,0,0,0,1076,-1023,-30574,29,10815,2716,0,44,0,0
128473,209,251,2087,100,67,-59,0,0,0,1089,-923,-30522,26,10862,2716,0,44,0,0
128553,232,185,2006,-540,35,5,0,0,0,1077,-991,-30470,35,10786,2717,0,44,0,0
128650,206,206,1990,63,-65,39,0,0,0,866,-1027,-30398,27,10848,2717,0,44,0,0
128833,212,317,2040,-139,0,-17,0,0,0,887,-988,-30355,25,10849,2717,0,44,0,0
128938,259,251,1891,117,-4,45,0,0,0,910,-994,-30248,25,10831,2717,0,44,0,0
129226,285,163,2105,2,-62,-8,0,0,0,563,-1011,-30082,29,10827,2717,0,-17,0,0
129297,300,227,2262,51,9,46,0,0,0,744,-1027,-29999,26,10776,2717,0,0,0,0
129413,212,47,1851,-220,-34,87,0,0,0,763,-1057,-29829,25,10844,2717,0,0,0,0
129704,163,128,1992,-143,-199,-331,0,0,0,535,-1132,-30414,29,10755,2717,0,0,0,0
129805,267,164,2153,26,101,-309,0,0,0,393,-1124,-30677,26,10783,2718,0,0,0,0
129920,219,209,2044,222,-3,-472,0,0,0,468,-1062,-31113,25,10827,2718,0,0,0,0
130015,180,132,2143,-489,88,-470,0,0,0,755,-950,-31683,25,10767,2718,0,0,0,0
130090,249,116,2028,963,228,-32,0,0,0,1320,-680,-32005,26,10798,2719,0,0,0,0
130205,87,295,2260,-31,-152,-194,0,0,0,1624,-638,-32389,26,10770,2718,0,0,0,0
130302,84,233,1980,-114,-448,113,0,0,0,1568,-989,-32494,26,10786,2719,0,0,0,0
130380,271,366,2024,-347,264,36,0,0,0,1139,-967,-32497,26,10812,2719,0,0,0,0
130488,166,324,2210,827,-30,-183,0,0,0,1489,-808,-32623,26,10770,2719,0,0,0,0
130594,-97,333,1860,1102,352,-168,0,0,0,2649,-654,32616,27,10743,2719,0,0,0,0
130709,-49,346,2018,258,677,16,0,0,0,3040,-92,32578,27,10819,2719,0,0,0,0
130781,-88,545,2257,408,610,-87,0,0,0,3443,607,32618,27,10789,2719,0,0,0,0
130922,-120,409,1585,1176,-287,-144,0,0,0,3992,727,32609,29,10800,2720,0,0,0,0
131022,-87,1064,1755,817,-374,-355,0,0,0,5144,549,32061,26,10783,2720,0,0,0,0
131098,-71,1248,1542,229,238,-8,0,0,0,5443,609,31824,28,10793,2720,0,0,0,0
131240,-258,1089,2235,412,90,-1,0,0,0,5655,768,31847,27,10783,2720,0,0,0,0
131283,-251,1375,1412,1873,-458,-297,0,0,0,6626,630,31554,26,10773,2720,0,0,0,0
131386,-10,1669,1553,752,-515,87,0,0,0,8188,243,31031,27,10752,2720,0,0,0,0
131526,34,1424,1393,-365,398,-45,0,0,0,8002,202,31037,28,10786,2719,0,0,0,0
131602,-53,1459,1633,-18,110,18,0,0,0,7877,383,31100,27,10767,2719,0,0,0,0
131676,-61,1469,1489,113,-70,-28,0,0,0,7927,329,30988,28,10781,2719,0,0,0,0
131784,-63,1434,1447,-35,-1,13,0,0,0,7949,301,30898,27,10784,2719,0,0,0,0
131890,-83,1311,1476,-547,-158,-11,0,0,0,7760,239,30828,28,10764,2719,0,0,0,0
132000,-50,1170,1264,-1547,-116,156,0,0,0,6723,166,30842,28,10794,2719,0,0,0,0
132077,-64,749,2285,-1905,283,315,0,0,0,4643,75,31054,26,10796,2719,0,0,0,0
132178,-93,384,2310,-2043,-74,401,0,0,0,2800,-65,31317,27,10823,2719,0,0,0,0
132319,110,124,2484,-1864,-453,423,0,0,0,610,-465,31732,14,10776,2719,0,0,0,0
132433,150,-207,1695,-1692,-296,390,0,0,0,-1280,-914,32195,28,10818,2719,0,0,0,0
132535,439,-327,2107,-598,-1785,415,0,0,0,-2023,-2169,-32602,27,10810,2719,0,0,0,0
132606,491,-565,1653,-453,905,317,0,0,0,-2676,-2676,-31847,28,10778,2719,0,0,0,0
132723,313,-500,1610,-262,-321,253,0,0,0,-3155,-2007,-31616,27,10774,2719,0,0,0,0
132823,271,-732,1803,-350,361,262,0,0,0,-3613,-2086,-31095,28,10778,2719,0,0,0,0
132938,99,-968,2024,-458,307,350,0,0,0,-3942,-1689,-30838,28,10781,2718,0,0,0,0
133008,292,-951,2322,-244,19,202,0,0,0,-4663,-1090,-30691,27,10808,2718,0,0,0,0
133086,226,-985,1748,-229,104,82,0,0,0,-4905,-1208,-30333,27,10817,2718,0,0,0,0
133186,166,-1092,1734,-126,371,149,0,0,0,-5050,-863,-30290,28,10837,2718,0,0,0,0
133296,-19,-952,1787,44,299,318,0,0,0,-5159,-224,-30287,29,10840,2718,0,0,0,0
133373,-120,-961,1806,-169,45,498,0,0,0,-5333,180,-29767,28,10799,2717,0,0,0,0
133474,-175,-1264,1916,-227,653,695,0,0,0,-6016,651,-29322,16,10820,2718,0,0,0,0
133615,-100,-1282,1680,-393,-363,286,0,0,0,-6666,1191,-28843,27,10809,2717,0,0,0,0
133690,-87,-1319,1635,-274,-788,-252,0,0,0,-6961,755,-28293,29,10842,2717,0,0,0,0
133831,31,-1290,1449,-308,-592,19,0,0,0,-7248,-44,-27751,27,10857,2717,0,0,0,0
133877,-26,-1539,1526,-387,231,197,0,0,0,-7630,46,-27469,28,10840,2717,0,0,0,0
133978,-26,-1474,1624,-179,-115,11,0,0,0,-7948,183,-27407,28,10841,2717,0,0,0,0
134093,-26,-1492,1351,-104,-127,-62,0,0,0,-8062,43,-27296,27,10830,2716,0,0,0,0
140136,0,0,0,0,0,0,0,0,0,0,0,0,0,-16960,0,0,0,0,0
140242,0,0,0,0,0,0,0,0,0,0,0,0,0,-16960,0,0,0,0,0
140361,0,0,0,0,0,0,0,0,0,0,0,0,0,-16960,0,0,0,0,0
140429,-116,27,1907,-77,9,14,0,0,0,278,652,-30562,28,10760,2721,0,0,0,0
140530,-154,8,2063,59,73,88,0,0,0,274,686,-30470,28,10772,2721,0,0,0,0
140641,-164,41,2155,54,-134,41,0,0,0,356,660,-30391,27,10777,2721,0,0,0,0
140717,-129,159,1996,48,-162,29,0,0,0,355,516,-30413,27,10739,2722,0,0,0,0
140818,-152,47,2176,322,-56,39,0,0,0,509,485,-30357,28,10773,2722,0,0,0,0
140933,-178,183,2006,437,-14,-110,0,0,0,856,419,-30463,28,10764,2722,0,0,0,0
141035,-157,271,2195,356,-84,-144,0,0,0,1293,443,-30556,30,10818,2723,0,0,0,0
141144,-87,275,1960,-122,-220,-229,0,0,0,1310,230,-30720,27,10778,2723,0,0,0,0
141221,33,292,1958,150,94,-83,0,0,0,1268,209,-30844,28,10763,2723,0,0,0,0
141322,-5,225,2160,206,36,38,0,0,0,1531,292,-30934,27,10784,2723,0,0,0,0
141437,0,253,2101,-7,-118,-3,0,0,0,1582,218,-31008,27,10758,2723,0,0,0,0
141539,-26,248,1998,-25,-19,15,0,0,0,1552,146,-31077,28,10787,2724,0,0,0,0
141649,-17,552,2165,-90,900,109,0,0,0,1461,627,-31093,28,10771,2724,0,0,0,0
141751,-181,126,1965,-486,133,-148,0,0,0,1111,976,-30957,28,10762,2723,0,0,0,0
141826,-202,243,2105,155,-148,224,0,0,0,1101,870,-30945,29,10825,2724,0,0,0,0
141945,-172,177,2005,-362,1,133,0,0,0,953,731,-30751,27,10766,2724,0,0,0,0
142042,-181,124,2082,69,-19,158,0,0,0,773,750,-30593,28,10763,2724,0,0,0,0
142114,-176,148,2102,-55,-23,40,0,0,0,817,706,-30424,28,10774,2724,0,0,0,0
142230,-131,194,2045,-42,-36,18,0,0,0,723,694,-30372,29,10772,2723,0,0,0,0
142331,-188,140,2025,69,0,64,0,0,0,726,683,-30268,27,10760,2723,0,0,0,0
142446,-186,98,2011,6,13,0,0,0,0,683,672,-30233,29,10748,2723,0,0,0,0
142518,-177,101,2127,-136,-56,-32,0,0,0,585,643,-30251,27,10812,2723,0,0,0,0
142619,-135,111,2045,-71,-33,-39,0,0,0,556,625,-30273,28,10784,2723,0,0,0,0
142734,-100,95,2270,134,-83,-17,0,0,0,498,589,-30317,27,10795,2723,0,0,0,0
142801,-82,134,1960,-119,-75,-3,0,0,0,597,524,-30344,29,10774,2723,0,0,0,0
142906,-120,136,2052,133,-51,58,0,0,0,861,471,-30343,26,10768,2723,0,0,0,0
143021,-150,110,2026,-53,-9,-6,0,0,0,782,467,-30379,31,10750,2723,0,0,0,0
143119,-122,105,2086,-263,103,8,0,0,0,600,573,-30436,27,10766,2723,0,0,0,0
143194,-136,43,2124,-226,36,17,0,0,0,247,644,-30429,27,10793,2723,0,0,0,0
143305,-142,27,2074,33,12,-44,0,0,0,240,656,-30444,24,10781,2723,0,0,0,0
143410,-147,38,2111,5,24,37,0,0,0,252,686,-30469,27,10763,2723,0,0,0,0
143526,-112,-65,2069,4,-83,-75,0,0,0,259,633,-30488,28,10777,2723,0,0,0,0
143601,-81,180,2089,203,-43,-289,0,0,0,328,399,-30795,27,10796,2723,0,0,0,0
143698,-40,153,2063,-9,-16,-9,0,0,0,499,385,-30943,27,10801,2723,0,0,0,0
143809,-81,71,2068,-79,-5,3,0,0,0,377,385,-30957,27,10773,2723,0,0,0,0
143914,-73,45,2064,92,-11,-47,0,0,0,434,369,-30991,27,10775,2723,0,0,0,0
144030,-99,57,2085,26,7,-53,0,0,0,473,371,-31056,28,10775,2723,0,0,0,0
144102,-78,59,2286,17,-225,-75,0,0,0,504,338,-31134,27,10781,2723,0,0,0,0
144243,30,63,1959,-487,-634,-80,0,0,0,278,-221,-31265,27,10783,2723,0,0,0,0
144343,124,99,1779,-325,432,304,0,0,0,-328,-399,-31147,25,10768,2724,0,0,0,0
144458,-25,-289,2366,257,-109,3,0,0,0,-243,-40,-30838,25,10776,2724,0,0,0,0
144534,87,-30,1959,-653,-186,-96,0,0,0,-580,-368,-30993,27,10738,2723,0,0,0,0
144632,119,-275,2178,-581,281,220,0,0,0,-1102,-254,-30906,27,10730,2724,0,0,0,0
144706,4,-277,2025,-1299,48,323,0,0,0,-2067,-18,-30660,29,10751,2724,0,0,0,0
144817,-15,-903,2138,-1606,49,504,0,0,0,-3864,147,-30209,28,10755,2723,0,0,0,0
144919,-123,-1110,1643,-1878,-430,74,0,0,0,-5618,161,-29633,28,10768,2723,0,0,0,0
144994,-5,-1191,1270,-1090,-123,-32,0,0,0,-7266,-234,-29321,28,10758,2724,0,0,0,0
145110,-15,-1468,1432,-750,427,225,0,0,0,-8224,111,-29295,28,10754,2724,0,0,0,0
145210,-69,-1557,1400,-241,-56,29,0,0,0,-8738,357,-29302,28,10785,2723,0,0,0,0
145321,-82,-1552,1268,237,-53,-14,0,0,0,-8661,293,-29239,28,10784,2723,0,0,0,0
145397,-82,-1495,1417,432,21,6,0,0,0,-8265,325,-29286,27,10814,2723,0,0,0,0
145498,-77,-1357,1488,1245,23,-34,0,0,0,-7268,322,-29266,27,10796,2722,0,0,0,0
145613,-102,-1031,1809,2585,140,-171,0,0,0,-5411,303,-29449,28,10774,2723,0,0,0,0
145713,-37,-534,2307,4165,-201,-558,0,0,0,-1614,223,-29835,25,10750,2723,0,0,0,0
145825,48,473,1816,2835,-466,-809,0,0,0,2378,-218,-30807,29,10798,2723,0,0,0,0
145905,199,948,1799,1958,567,-499,0,0,0,4338,107,-31302,28,10797,2723,0,0,0,0
146002,-108,1190,1774,1068,296,77,0,0,0,6000,575,-31347,28,10823,2723,0,0,0,0
146113,-95,1255,1708,423,22,49,0,0,0,6721,695,-31210,23,10783,2723,0,0,0,0
146218,-156,1321,1639,-134,-127,-30,0,0,0,6855,637,-31354,27,10774,2723,0,0,0,0
146329,-137,1370,1609,137,83,-10,0,0,0,6847,657,-31468,27,10807,2723,0,0,0,0
146409,-138,1275,1747,-282,-254,91,0,0,0,6858,604,-31533,27,10745,2723,0,0,0,0
146546,-147,1068,1532,-2453,-321,147,0,0,0,5199,133,-31657,28,10771,2723,0,0,0,0
146620,-36,555,1790,-3104,221,298,0,0,0,2748,113,-31386,28,10784,2723,0,0,0,0
146693,-60,119,2197,-970,59,402,0,0,0,498,384,-30622,28,10801,2723,0,0,0,0
146797,-10,62,1974,455,-123,-295,0,0,0,802,189,-30497,27,10790,2723,0,0,0,0
146909,-5,298,2098,-179,70,-118,0,0,0,988,228,-30816,28,10750,2723,0,0,0,0
147010,-52,159,2110,-195,-74,98,0,0,0,768,224,-30770,28,10764,2723,0,0,0,0
147121,-15,115,2050,40,-50,28,0,0,0,684,121,-30676,26,10808,2723,0,0,0,0
147197,-11,156,2066,130,-58,-21,0,0,0,795,85,-30696,28,10788,2723,0,0,0,0
147298,24,156,2146,-43,-89,33,0,0,0,844,0,-30741,28,10812,2723,0,0,0,0
147413,3,67,2004,-1444,-231,46,0,0,0,113,-242,-30778,30,10821,2723,0,0,0,0
147514,73,-539,2035,-2504,179,489,0,0,0,-2521,-173,-30435,26,10785,2723,0,0,0,0
147625,-23,-1044,1927,-1464,27,561,0,0,0,-4831,256,-29828,28,10762,2723,0,0,0,0
147726,-37,-1146,1735,-528,-289,-100,0,0,0,-5960,252,-29414,27,10810,2722,0,0,0,0
147837,-43,-1138,1591,-265,-64,-105,0,0,0,-6280,-9,-29350,26,10795,2723,0,0,0,0
147918,12,-1225,1670,-273,31,-26,0,0,0,-6503,-19,-29324,28,10773,2722,0,0,0,0
148018,30,-1261,1632,-44,-64,12,0,0,0,-6708,-37,-29251,27,10761,2722,0,0,0,0
148093,27,-1232,1617,59,58,-17,0,0,0,-6638,-43,-29246,28,10784,2722,0,0,0,0
148205,14,-1250,1655,22,-2,-3,0,0,0,-6614,-17,-29233,28,10773,2722,0,0,0,0
148306,19,-1056,1701,1082,277,-82,0,0,0,-6221,55,-29280,28,10772,2722,0,0,0,0
148421,-29,-864,2017,3488,167,-222,0,0,0,-3569,244,-29524,28,10794,2721,0,0,0,0
148522,-41,19,2222,3757,-222,-619,0,0,0,-363,255,-29936,28,10775,2722,0,0,0,0
148629,40,597,1809,2791,-440,-642,0,0,0,3349,-13,-30787,28,10755,2722,0,0,0,0
148712,-4,1160,1679,1560,57,-260,0,0,0,5588,18,-31390,28,10788,2722,0,0,0,0
148810,-103,1280,1646,567,-102,55,0,0,0,6525,4,-31509,29,10799,2722,0,0,0,0
148925,-40,1371,1525,191,171,108,0,0,0,6847,28,-31469,28,10814,2721,0,0,0,0
148993,-14,1299,1687,-232,68,35,0,0,0,6823,122,-31313,28,10804,2721,0,0,0,0
149097,-1,1276,1696,-84,-96,-44,0,0,0,6637,102,-31420,29,10806,2722,0,0,0,0
149238,28,1167,1637,-271,-204,-90,0,0,0,6522,21,-31616,30,10780,2721,0,0,0,0
149313,-3,995,1738,-1439,-99,-116,0,0,0,5633,-72,-31878,28,10806,2722,0,0,0,0
149429,53,853,1897,-2810,377,404,0,0,0,3092,-10,-31738,28,10777,2722,0,0,0,0
149497,-44,64,2115,-3145,266,719,0,0,0,-296,286,-30939,28,10812,2722,0,0,0,0
149638,-66,-442,2179,-1551,-244,536,0,0,0,-2653,328,-29992,29,10801,2722,0,0,0,0
149720,-9,-529,1921,1107,37,-258,0,0,0,-2452,95,-29739,28,10800,2722,0,0,0,0
149858,1,-237,2325,1440,-290,-416,0,0,0,-1217,94,-29979,28,10800,2722,0,0,0,0
149937,105,107,2155,726,-1195,-266,0,0,0,127,-654,-30394,29,10785,2723,0,0,0,0
150001,443,167,1792,174,-1505,229,0,0,0,560,-2319,-30369,28,10783,2722,0,0,0,0
150106,706,154,1576,145,-966,292,0,0,0,691,-3714,-30019,27,10771,2722,0,0,0,0
150247,890,22,1880,-93,-380,99,0,0,0,531,-4344,-29763,30,10762,2722,0,0,0,0
150322,976,79,2090,-152,-215,-87,0,0,0,399,-4603,-29826,33,10774,2721,0,0,0,0
150434,878,87,1906,-123,-284,-55,0,0,0,294,-4859,-29939,31,10769,2722,0,0,0,0
150505,949,95,1677,-145,-67,38,0,0,0,218,-5015,-29957,26,10785,2721,0,0,0,0
150610,983,27,1833,-3,246,130,0,0,0,105,-4872,-29895,30,10816,2721,0,0,0,0
150726,924,-3,1826,36,395,-32,0,0,0,104,-4583,-29893,28,10797,2721,0,0,0,0
150794,788,73,2010,385,1452,-234,0,0,0,391,-3439,-30181,28,10844,2721,0,0,0,0
150898,515,171,2245,188,1496,-253,0,0,0,754,-1726,-30497,29,10807,2721,0,0,0,0
151019,124,201,1861,-117,1776,-338,0,0,0,701,-43,-30935,28,10806,2720,0,0,0,0
151151,-365,143,2186,274,1816,-264,0,0,0,741,1393,-31260,27,10808,2720,0,0,0,0
151229,-634,265,2001,257,873,-133,0,0,0,1011,3015,-31577,29,10807,2720,0,0,0,0
151297,-712,233,1820,-100,365,35,0,0,0,1175,3662,-31696,28,10783,2720,0,0,0,0
151438,-812,187,1887,-354,199,20,0,0,0,900,3951,-31637,27,10800,2720,0,0,0,0
151519,-824,181,1928,-204,106,75,0,0,0,633,4053,-31558,28,10775,2720,0,0,0,0
151594,-714,96,2343,72,-711,20,0,0,0,622,3862,-31504,27,10806,2720,0,0,0,0
151694,-395,227,2416,133,-2656,182,0,0,0,773,1811,-31512,29,10785,2720,0,0,0,0
151828,110,277,1721,-370,-2597,220,0,0,0,614,-448,-31310,29,10811,2720,0,0,0,0
151906,481,34,1882,-532,-1473,596,0,0,0,-50,-2667,-30333,32,10841,2720,-7,0,0,0
152046,758,-241,1984,11,-423,192,0,0,0,-553,-3583,-29519,30,10790,2719,-10,1,0,0
152116,810,-88,1849,301,65,-263,0,0,0,-279,-3778,-29521,28,10819,2719,-10,0,0,0
152197,666,76,1832,252,748,-267,0,0,0,168,-3264,-29871,29,10824,2718,-9,0,0,0
152305,426,168,2081,175,1060,-166,0,0,0,493,-2132,-30175,27,10847,2718,-6,-1,0,0
152446,204,157,1971,-290,1130,-98,0,0,0,582,-1241,-30341,29,10840,2718,-3,-1,0,0
152551,70,176,2289,-449,1215,99,0,0,0,194,59,-30449,28,10850,2718,0,0,0,0
152603,-51,-69,2278,-414,12,200,0,0,0,-313,601,-30288,28,10827,2718,1,0,0,0
152698,-52,-86,2001,33,-198,35,0,0,0,-529,345,-30175,28,10822,2717,0,1,0,0
152809,-69,-62,2084,333,79,-166,0,0,0,-216,319,-30226,27,10817,2717,0,0,0,0
152914,-83,-25,1883,-214,274,-103,0,0,0,-194,438,-30409,28,10817,2717,0,0,0,0
153056,-285,66,2055,236,1621,-151,0,0,0,-266,1636,-30584,28,10882,2717,3,0,0,0
153097,-536,-3,2833,559,288,-18,0,0,0,181,2151,-30697,29,10862,2717,5,0,0,0
153202,-411,231,2482,427,674,-138,0,0,0,652,2850,-30918,27,10855,2717,7,-1,0,0
153312,-800,207,1964,411,743,-158,0,0,0,1028,3702,-31176,26,10842,2717,9,-2,0,0
153418,-945,237,1721,154,556,-132,0,0,0,1299,4461,-31347,26,10848,2717,12,-3,0,0
153533,-1039,234,1749,-49,340,-59,0,0,0,1315,4915,-31440,28,10851,2717,13,-3,0,0
153605,-1028,226,1741,-82,237,-10,0,0,0,1225,5208,-31436,28,10860,2716,13,-3,0,0
153706,-1064,211,1726,-86,158,-13,0,0,0,1137,5364,-31352,28,10843,2716,14,-3,0,0
153817,-1074,199,1751,-3,155,-12,0,0,0,1116,5541,-31271,28,10869,2716,14,-3,0,0
153894,-1053,234,1771,-74,282,-29,0,0,0,1060,5818,-31269,28,10865,2716,15,-3,0,0
153996,-1151,157,1677,-34,137,-36,0,0,0,963,6057,-31258,27,10867,2716,16,-2,0,0
154109,-1170,172,1696,20,31,-15,0,0,0,941,6151,-31258,27,10839,2716,16,-2,0,0
154209,-1195,177,1690,57,-36,-17,0,0,0,950,6143,-31240,28,10853,2716,16,-2,0,0
154321,-1182,192,1712,205,-45,-21,0,0,0,1125,6102,-31251,28,10850,2716,16,-3,0,0
154397,-1163,211,1702,11,-12,-10,0,0,0,1221,6090,-31256,28,10865,2717,16,-3,0,0
154498,-1159,184,1714,-135,-4,-14,0,0,0,1104,6097,-31261,28,10845,2716,16,-3,0,0
154613,-1173,182,1706,1,40,-22,0,0,0,1001,6146,-31257,28,10831,2717,16,-2,0,0
154713,-1147,191,1671,31,-51,28,0,0,0,1004,6177,-31231,28,10858,2717,16,-2,0,0
154825,-1016,205,2209,-25,-2230,331,0,0,0,1117,4930,-31138,29,10839,2716,15,-3,0,0
154903,-576,165,1454,-302,-2286,213,0,0,0,970,1988,-30992,27,10852,2716,7,-3,0,0
155001,102,59,2194,-249,-1662,428,0,0,0,763,521,-30526,22,10823,2716,1,-2,0,0
155117,226,138,2068,180,-1798,348,0,0,0,728,-1400,-29936,27,10845,2716,-4,-2,0,0
155215,735,97,2066,-271,-1637,303,0,0,0,533,-3383,-29491,28,10845,2716,-9,-1,0,0
155294,970,-42,1900,90,-711,179,0,0,0,184,-4657,-29065,27,10834,2716,-12,0,0,0
155430,1141,-52,1918,233,-390,-168,0,0,0,339,-5249,-28986,27,10829,2716,-14,-1,0,0
155510,1102,240,1702,205,-268,-261,0,0,0,870,-5618,-29374,27,10855,2716,-15,-2,0,0
155616,1134,233,1688,-98,-24,40,0,0,0,951,-5735,-29517,28,10852,2716,-15,-2,0,0
155696,1152,135,1773,-195,-47,58,0,0,0,796,-5758,-29508,27,10862,2715,-16,-2,0,0
155823,1142,106,1683,-28,-74,4,0,0,0,654,-5867,-29597,28,10865,2715,-16,-1,0,0
155908,1153,133,1714,56,-48,-48,0,0,0,702,-5944,-29770,27,10867,2714,-16,-2,0,0
156009,1160,190,1622,-17,407,-9,0,0,0,739,-5900,-29922,29,10873,2715,-16,-2,0,0
156120,943,90,1803,108,1291,-95,0,0,0,758,-4989,-30021,29,10872,2714,-14,-2,0,0
156205,536,143,1908,287,1528,-351,0,0,0,1104,-3318,-30239,24,10879,2714,-10,-2,0,0
156301,295,264,2016,-82,1703,-326,0,0,0,1089,-1897,-30520,28,10884,2714,-5,-3,0,0
156435,227,229,2593,-126,708,-116,0,0,0,1081,-358,-30820,27,10864,2714,-1,-3,0,0
156551,94,215,1857,-1152,-16,99,0,0,0,393,-361,-31034,29,10873,2714,-1,-1,0,0
156625,-16,-240,2063,-2646,350,495,0,0,0,-1909,-73,-30773,27,10880,2714,0,5,0,0
156705,-178,-949,1742,-2758,43,783,0,0,0,-4979,337,-29960,28,10860,2714,0,13,0,0
156802,-87,-1374,1489,-561,-545,172,0,0,0,-7025,492,-28944,27,10872,2713,1,18,0,0
156917,-112,-1248,1458,303,385,-105,0,0,0,-6926,425,-28846,28,10860,2714,0,19,0,0
157018,-99,-1254,1770,-33,287,-69,0,0,0,-6779,646,-29056,27,10867,2713,1,18,0,0
157160,-98,-1334,1569,-421,-334,4,0,0,0,-7156,565,-28936,27,10908,2713,1,19,0,0
157205,-84,-1374,1449,56,30,4,0,0,0,-7364,444,-28750,27,10902,2713,1,20,0,0
157306,-78,-1388,1649,62,50,-44,0,0,0,-7240,503,-28800,28,10909,2713,1,19,0,0
157422,-91,-1305,1473,-32,-83,-49,0,0,0,-7196,340,-28771,28,10880,2712,0,19,0,0
157522,-74,-1352,1566,32,-3,-27,0,0,0,-7269,308,-28731,26,10915,2713,0,19,0,0
157594,-78,-1342,1569,-2,-34,-4,0,0,0,-7262,299,-28701,27,10924,2712,0,19,0,0
157710,-63,-1342,1586,-27,0,2,0,0,0,-7279,291,-28656,28,10907,2712,0,19,0,0
157810,-54,-1348,1537,18,0,5,0,0,0,-7273,281,-28611,26,10897,2712,0,19,0,0
157926,-57,-1341,1530,59,-24,-23,0,0,0,-7252,264,-28585,28,10898,2712,0,19,0,0
157994,-29,-1334,1617,22,-10,0,0,0,0,-7255,260,-28557,28,10925,2712,0,19,0,0
158098,-47,-1328,1552,16,-37,8,0,0,0,-7263,241,-28516,27,10861,2712,0,19,0,0
158214,-36,-1470,1660,183,158,22,0,0,0,-7221,232,-28504,29,10849,2712,0,19,0,0
158315,-103,-1075,1637,1068,-189,-73,0,0,0,-6714,270,-28550,28,10906,2712,0,18,0,0
158430,-24,-1008,1743,2671,-209,-214,0,0,0,-4547,-156,-28425,27,10882,2712,0,12,0,0
158528,-10,-377,1973,3223,439,-859,0,0,0,-976,-71,-29014,27,10888,2712,0,2,0,0
158602,-25,633,2161,2528,181,-779,0,0,0,2085,381,-30132,28,10889,2712,0,-5,0,0
158719,-69,982,1945,2748,-333,22,0,0,0,4938,316,-30524,28,10894,2712,0,-11,0,0
158818,84,1375,1383,1920,-131,-81,0,0,0,7525,27,-30751,28,10859,2711,0,-19,0,0
158895,-32,1613,1331,1107,-154,-213,0,0,0,8827,97,-30948,27,10929,2711,0,-24,0,0
159001,-66,1701,1064,159,-26,-98,0,0,0,9631,174,-31233,28,10899,2711,0,-26,0,0
159142,-60,1639,1222,-471,89,-11,0,0,0,9448,252,-31224,28,10899,2711,0,-26,0,0
159222,-93,1286,1291,-2133,-67,-159,0,0,0,8071,334,-31312,27,10909,2711,0,-22,0,0
159295,-144,1060,1926,-3011,50,195,0,0,0,4860,420,-31252,27,10900,2711,0,-13,0,0
159394,79,587,1944,-3413,-646,1046,0,0,0,1122,-221,-30372,28,10889,2711,0,-6,0,0
159532,226,-386,2058,-289,408,652,0,0,0,-1109,-412,-28848,37,10896,2711,-1,2,0,0
159611,67,-118,2144,1174,293,-167,0,0,0,-451,53,-28673,28,10886,2711,0,1,0,0
159725,42,63,2330,1335,-60,-241,0,0,0,831,-82,-29136,27,10909,2711,0,-2,0,0
159796,51,385,2093,434,198,-41,0,0,0,1977,27,-29394,27,10914,2711,0,-5,0,0
159903,-34,539,2349,-424,62,80,0,0,0,1906,334,-29456,28,10902,2710,0,-5,0,0
160018,-97,510,1370,-454,-160,-52,0,0,0,1246,46,-29603,28,10893,2710,0,-3,0,0
160114,-60,51,2253,235,403,184,0,0,0,1495,593,-29185,27,10900,2710,1,-4,0,0
160233,-79,120,2075,-358,4,-161,0,0,0,1344,667,-29205,28,10923,2710,1,-3,0,0
160322,34,547,2539,-332,16,306,0,0,0,865,755,-29370,27,10887,2710,1,-2,0,0
160401,-53,452,2161,168,41,1264,0,0,0,886,508,-28454,28,10900,2710,1,-2,0,0
160518,-22,-103,1828,-80,194,537,0,0,0,1088,480,-27212,28,10899,2710,1,-3,0,0
160617,-48,285,2334,-5,-244,709,0,0,0,947,573,-26762,29,10907,2709,1,-2,0,0
160733,22,-58,2109,-111,86,327,0,0,0,875,490,-26028,28,10948,2709,1,-2,0,0
160831,-239,444,1798,-285,400,197,0,0,0,576,783,-26176,29,10890,2709,1,-1,0,0
160942,168,182,2152,-328,-329,49,0,0,0,352,776,-25983,29,10895,2709,1,-1,0,0
161025,-51,100,2180,-137,-93,-367,0,0,0,345,498,-25998,28,10933,2709,1,-1,0,0
161097,-164,110,1977,39,-68,-277,0,0,0,394,380,-26466,28,10928,2708,0,-1,0,0
161197,-144,60,2018,67,-81,-292,0,0,0,417,322,-26808,28,10940,2708,0,-1,0,0
161305,-21,115,2103,106,-252,-158,0,0,0,368,203,-27075,28,10921,2708,0,-1,0,0
161410,-16,161,2116,7,-84,8,0,0,0,343,45,-27264,28,10930,2708,0,-1,0,0
161526,-98,-45,2082,-28,47,75,0,0,0,334,28,-27194,27,10921,2708,0,-1,0,0
161623,-154,61,2091,-302,62,85,0,0,0,200,100,-27147,29,10945,2708,0,0,0,0
161698,-68,-91,2085,-37,-116,302,0,0,0,227,15,-26907,27,10909,2708,0,0,0,0
161809,136,-24,2139,52,-227,246,0,0,0,281,-216,-26681,28,10930,2708,0,0,0,0
161908,96,47,1958,96,246,-24,0,0,0,291,-373,-26793,27,10915,2708,-1,0,0,0
161986,159,56,2050,-86,148,-102,0,0,0,237,-65,-27000,27,10899,2708,0,0,0,0
162102,-124,136,2000,-93,0,143,0,0,0,288,-86,-27128,28,10892,2708,0,0,0,0
162202,26,-12,2093,86,-12,-59,0,0,0,282,-137,-27101,27,10907,2708,0,0,0,0
162313,177,9,2285,189,189,-83,0,0,0,297,13,-27238,27,10901,2708,0,0,0,0
162393,23,63,1950,73,105,-31,0,0,0,387,187,-27486,27,10924,2708,0,-1,0,0
162490,-94,42,2308,53,-13,128,0,0,0,391,151,-27595,28,10922,2708,0,-1,0,0
162606,-73,125,2028,-61,-11,200,0,0,0,294,149,-27511,28,10892,2708,0,-1,0,0
